shotID,homeTeamCode,awayTeamCode,season,isPlayoffGame,game_id,time,period,location,event,goal,xCord,yCord,xCordAdjusted,yCordAdjusted,shotType,shotOnEmptyNet,shotRebound,playerPositionThatDidEvent,playerNumThatDidEvent,goalieIdForShot,goalieNameForShot,shooterPlayerId,shooterName,xGoal,isHomeTeam,shotWasOnGoal,teamCode,arenaAdjustedXCord,arenaAdjustedYCord
71090,PIT,NYI,2020,1,30111,34,1,AWAYZONE,SHOT,0,85,-10,85,-10,TIP,0,0,C,87,8478009,Ilya Sorokin,8471675,Sidney Crosby,0.0516188,1,1,PIT,85,-11
71091,PIT,NYI,2020,1,30111,43,1,Neu. Zone,SHOT,0,18,-21,18,-21,WRIST,0,0,D,4,8478009,Ilya Sorokin,8476879,Cody Ceci,0.00638792,1,1,PIT,22,-20
71092,PIT,NYI,2020,1,30111,61,1,AWAYZONE,MISS,0,42,-2,42,-2,WRIST,0,0,C,19,8478009,Ilya Sorokin,8477955,Jared McCann,0.0174474,1,0,PIT,40,-2
71093,PIT,NYI,2020,1,30111,135,1,AWAYZONE,SHOT,0,61,3,61,3,WRIST,0,0,D,8,8478009,Ilya Sorokin,8475208,Brian Dumoulin,0.0607428,1,1,PIT,59,3
71094,PIT,NYI,2020,1,30111,142,1,AWAYZONE,SHOT,0,60,5,60,5,WRIST,0,0,R,17,8478009,Ilya Sorokin,8475810,Bryan Rust,0.0429434,1,1,PIT,58,5
71095,PIT,NYI,2020,1,30111,145,1,AWAYZONE,MISS,0,74,-12,74,-12,BACK,0,1,C,87,8478009,Ilya Sorokin,8471675,Sidney Crosby,0.0736433,1,0,PIT,73,-12
71096,PIT,NYI,2020,1,30111,336,1,HOMEZONE,SHOT,0,-40,-29,40,29,SLAP,0,0,D,3,8477465,Tristan Jarry,8476917,Adam Pelech,0.0163532,0,1,NYI,-39,-30
71097,PIT,NYI,2020,1,30111,341,1,HOMEZONE,SHOT,0,-85,-18,85,18,BACK,0,0,R,15,8477465,Tristan Jarry,8473504,Cal Clutterbuck,0.0148553,0,1,NYI,-85,-20
71098,PIT,NYI,2020,1,30111,370,1,AWAYZONE,SHOT,0,78,2,78,2,WRIST,0,0,R,17,8478009,Ilya Sorokin,8475810,Bryan Rust,0.305508,1,1,PIT,77,2
71099,PIT,NYI,2020,1,30111,386,1,AWAYZONE,MISS,0,70,16,70,16,WRIST,0,0,R,17,8478009,Ilya Sorokin,8475810,Bryan Rust,0.0870679,1,0,PIT,68,17
71100,PIT,NYI,2020,1,30111,396,1,AWAYZONE,SHOT,0,46,-22,46,-22,SNAP,0,0,D,4,8478009,Ilya Sorokin,8476879,Cody Ceci,0.0182611,1,1,PIT,44,-23
71101,PIT,NYI,2020,1,30111,413,1,AWAYZONE,MISS,0,78,-7,78,-7,TIP,0,0,C,19,8478009,Ilya Sorokin,8477955,Jared McCann,0.0608338,1,0,PIT,76,-8
71102,PIT,NYI,2020,1,30111,441,1,HOMEZONE,SHOT,0,-45,35,45,-35,SLAP,0,0,D,8,8477465,Tristan Jarry,8480865,Noah Dobson,0.0148112,0,1,NYI,-44,35
71103,PIT,NYI,2020,1,30111,478,1,HOMEZONE,GOAL,1,-58,23,58,-23,WRIST,0,0,C,21,8477465,Tristan Jarry,8475151,Kyle Palmieri,0.0170682,0,1,NYI,-55,25
71104,PIT,NYI,2020,1,30111,493,1,HOMEZONE,SHOT,0,-78,-17,78,17,WRIST,0,0,L,17,8477465,Tristan Jarry,8474709,Matt Martin,0.0347042,0,1,NYI,-78,-18
71105,PIT,NYI,2020,1,30111,532,1,HOMEZONE,SHOT,0,-59,1,59,-1,WRIST,0,0,C,47,8477465,Tristan Jarry,8473463,Leo Komarov,0.0599373,0,1,NYI,-57,1
71106,PIT,NYI,2020,1,30111,551,1,AWAYZONE,MISS,0,77,-4,77,-4,TIP,0,0,R,17,8478009,Ilya Sorokin,8475810,Bryan Rust,0.132274,1,0,PIT,75,-5
71107,PIT,NYI,2020,1,30111,592,1,AWAYZONE,SHOT,0,72,-4,72,-4,WRIST,0,0,D,58,8478009,Ilya Sorokin,8471724,Kris Letang,0.106823,1,1,PIT,71,-4
71108,PIT,NYI,2020,1,30111,598,1,AWAYZONE,SHOT,0,80,-12,80,-12,WRIST,0,0,L,13,8478009,Ilya Sorokin,8479293,Brandon Tanev,0.0875622,1,1,PIT,79,-13
71109,PIT,NYI,2020,1,30111,620,1,AWAYZONE,SHOT,0,46,-16,46,-16,WRIST,0,0,C,53,8478009,Ilya Sorokin,8476927,Teddy Blueger,0.0157629,1,1,PIT,43,-17
71110,PIT,NYI,2020,1,30111,637,1,AWAYZONE,MISS,0,62,-11,62,-11,BACK,0,0,C,53,8478009,Ilya Sorokin,8476927,Teddy Blueger,0.0302997,1,0,PIT,60,-12
71111,PIT,NYI,2020,1,30111,652,1,AWAYZONE,SHOT,0,42,-23,42,-23,WRIST,0,0,C,11,8478009,Ilya Sorokin,8477919,Frederick Gaudreau,0.00896144,1,1,PIT,40,-24
71112,PIT,NYI,2020,1,30111,670,1,AWAYZONE,GOAL,1,63,-10,63,-10,WRIST,0,0,C,11,8478009,Ilya Sorokin,8477919,Frederick Gaudreau,0.122672,1,1,PIT,61,-11
71113,PIT,NYI,2020,1,30111,713,1,HOMEZONE,SHOT,0,-40,-33,40,33,WRIST,0,0,D,3,8477465,Tristan Jarry,8476917,Adam Pelech,0.0140263,0,1,NYI,-39,-34
71114,PIT,NYI,2020,1,30111,715,1,HOMEZONE,SHOT,0,-48,25,48,-25,WRIST,0,1,R,26,8477465,Tristan Jarry,8480789,Oliver Wahlstrom,0.037787,0,1,NYI,-46,26
71115,PIT,NYI,2020,1,30111,772,1,AWAYZONE,SHOT,0,45,-12,45,-12,WRIST,0,0,L,13,8478009,Ilya Sorokin,8479293,Brandon Tanev,0.0164513,1,1,PIT,42,-13
71116,PIT,NYI,2020,1,30111,804,1,HOMEZONE,SHOT,0,-53,33,53,-33,WRIST,0,0,C,12,8477465,Tristan Jarry,8474573,Josh Bailey,0.00952769,0,1,NYI,-51,34
71117,PIT,NYI,2020,1,30111,808,1,HOMEZONE,MISS,0,-39,-27,39,27,WRIST,0,0,D,3,8477465,Tristan Jarry,8476917,Adam Pelech,0.0141256,0,0,NYI,-38,-28
71118,PIT,NYI,2020,1,30111,835,1,AWAYZONE,SHOT,0,60,24,60,24,WRIST,0,0,C,11,8478009,Ilya Sorokin,8477919,Frederick Gaudreau,0.0323579,1,1,PIT,57,26
71119,PIT,NYI,2020,1,30111,857,1,AWAYZONE,SHOT,0,61,20,61,20,WRIST,0,0,C,87,8478009,Ilya Sorokin,8471675,Sidney Crosby,0.0265833,1,1,PIT,59,22
71120,PIT,NYI,2020,1,30111,896,1,HOMEZONE,SHOT,0,-70,-4,70,4,WRIST,0,0,R,15,8477465,Tristan Jarry,8473504,Cal Clutterbuck,0.0987523,0,1,NYI,-69,-4
71121,PIT,NYI,2020,1,30111,987,1,AWAYZONE,SHOT,0,51,-20,51,-20,SNAP,0,0,L,13,8478009,Ilya Sorokin,8479293,Brandon Tanev,0.0254509,1,1,PIT,48,-21
71122,PIT,NYI,2020,1,30111,1001,1,HOMEZONE,SHOT,0,-43,6,43,-6,WRIST,0,0,D,24,8477465,Tristan Jarry,8476429,Scott Mayfield,0.0149736,0,1,NYI,-40,6
71123,PIT,NYI,2020,1,30111,1022,1,AWAYZONE,SHOT,0,49,-13,49,-13,WRIST,0,0,C,59,8478009,Ilya Sorokin,8477404,Jake Guentzel,0.0353708,1,1,PIT,46,-14
71124,PIT,NYI,2020,1,30111,1072,1,AWAYZONE,MISS,0,54,-14,54,-14,WRIST,0,0,R,17,8478009,Ilya Sorokin,8475810,Bryan Rust,0.0443321,1,0,PIT,51,-15
71125,PIT,NYI,2020,1,30111,1109,1,AWAYZONE,SHOT,0,45,-11,45,-11,WRIST,0,0,C,87,8478009,Ilya Sorokin,8471675,Sidney Crosby,0.047851,1,1,PIT,42,-12
71126,PIT,NYI,2020,1,30111,1131,1,AWAYZONE,SHOT,0,84,-14,84,-14,WRIST,0,0,C,87,8478009,Ilya Sorokin,8471675,Sidney Crosby,0.0569752,1,1,PIT,84,-15
71127,PIT,NYI,2020,1,30111,1157,1,HOMEZONE,SHOT,0,-61,3,61,-3,SNAP,0,0,C,7,8477465,Tristan Jarry,8474586,Jordan Eberle,0.123966,0,1,NYI,-59,3
71128,PIT,NYI,2020,1,30111,1194,1,Neu. Zone,SHOT,0,-23,9,23,-9,WRIST,0,0,D,4,8477465,Tristan Jarry,8472382,Andy Greene,0.0122962,0,1,NYI,-24,9
71129,PIT,NYI,2020,1,30111,1230,2,HOMEZONE,MISS,0,66,-6,66,-6,TIP,0,0,L,18,8477465,Tristan Jarry,8478463,Anthony Beauvillier,0.0543276,0,0,NYI,64,-7
71130,PIT,NYI,2020,1,30111,1235,2,HOMEZONE,SHOT,0,85,-7,85,-7,WRIST,0,0,C,29,8477465,Tristan Jarry,8475754,Brock Nelson,0.0707963,0,1,NYI,85,-7
71131,PIT,NYI,2020,1,30111,1318,2,AWAYZONE,SHOT,0,-79,-8,79,8,TIP,0,0,L,13,8478009,Ilya Sorokin,8479293,Brandon Tanev,0.111718,1,1,PIT,-77,-9
71132,PIT,NYI,2020,1,30111,1354,2,AWAYZONE,SHOT,0,-86,-6,86,6,BACK,0,0,C,53,8478009,Ilya Sorokin,8476927,Teddy Blueger,0.0741024,1,1,PIT,-86,-6
71133,PIT,NYI,2020,1,30111,1372,2,AWAYZONE,MISS,0,-47,-23,47,23,SNAP,0,0,D,28,8478009,Ilya Sorokin,8477969,Marcus Pettersson,0.0183863,1,0,PIT,-45,-24
71134,PIT,NYI,2020,1,30111,1400,2,AWAYZONE,SHOT,0,-78,-14,78,14,WRIST,0,0,C,11,8478009,Ilya Sorokin,8477919,Frederick Gaudreau,0.0454169,1,1,PIT,-77,-16
71135,PIT,NYI,2020,1,30111,1427,2,AWAYZONE,GOAL,1,-65,8,65,-8,TIP,0,0,C,87,8478009,Ilya Sorokin,8471675,Sidney Crosby,0.0502736,1,1,PIT,-63,9
71136,PIT,NYI,2020,1,30111,1546,2,AWAYZONE,MISS,0,-36,8,36,-8,SLAP,0,0,D,58,8478009,Ilya Sorokin,8471724,Kris Letang,0.0535661,1,0,PIT,-34,8
71137,PIT,NYI,2020,1,30111,1554,2,Neu. Zone,SHOT,0,20,-9,20,-9,WRIST,0,0,C,53,8477465,Tristan Jarry,8475231,Casey Cizikas,0.0102113,0,1,NYI,23,-9
71138,PIT,NYI,2020,1,30111,1616,2,AWAYZONE,SHOT,0,-65,-16,65,16,WRIST,0,0,L,16,8478009,Ilya Sorokin,8475722,Jason Zucker,0.0520577,1,1,PIT,-63,-17
71139,PIT,NYI,2020,1,30111,1671,2,HOMEZONE,MISS,0,36,19,36,19,WRIST,0,0,L,18,8477465,Tristan Jarry,8478463,Anthony Beauvillier,0.0130218,0,0,NYI,35,19
71140,PIT,NYI,2020,1,30111,1688,2,AWAYZONE,SHOT,0,-75,-10,75,10,BACK,0,0,D,58,8478009,Ilya Sorokin,8471724,Kris Letang,0.0501526,1,1,PIT,-74,-11
71141,PIT,NYI,2020,1,30111,1747,2,HOMEZONE,SHOT,0,46,18,46,18,WRIST,0,0,C,44,8477465,Tristan Jarry,8476419,Jean-Gabriel Pageau,0.014147,0,1,NYI,44,19
71142,PIT,NYI,2020,1,30111,1847,2,HOMEZONE,MISS,0,53,10,53,10,WRIST,0,0,D,2,8477465,Tristan Jarry,8475181,Nick Leddy,0.0246055,0,0,NYI,50,11
71143,PIT,NYI,2020,1,30111,1882,2,HOMEZONE,MISS,0,45,-19,45,-19,WRIST,0,0,D,6,8477465,Tristan Jarry,8477506,Ryan Pulock,0.0105301,0,0,NYI,43,-20
71144,PIT,NYI,2020,1,30111,1888,2,AWAYZONE,SHOT,0,-80,-8,80,8,WRIST,0,0,C,59,8478009,Ilya Sorokin,8477404,Jake Guentzel,0.117599,1,1,PIT,-79,-9
71145,PIT,NYI,2020,1,30111,1971,2,HOMEZONE,SHOT,0,52,-12,52,-12,SLAP,0,0,C,12,8477465,Tristan Jarry,8474573,Josh Bailey,0.00678956,0,1,NYI,49,-13
71146,PIT,NYI,2020,1,30111,1972,2,HOMEZONE,SHOT,0,76,1,76,1,WRIST,0,1,C,21,8477465,Tristan Jarry,8475151,Kyle Palmieri,0.0257054,0,1,NYI,74,1
71147,PIT,NYI,2020,1,30111,2250,2,HOMEZONE,SHOT,0,81,-9,81,-9,WRIST,0,0,C,53,8477465,Tristan Jarry,8475231,Casey Cizikas,0.0738159,0,1,NYI,80,-10
71148,PIT,NYI,2020,1,30111,2256,2,HOMEZONE,SHOT,0,38,13,38,13,WRIST,0,0,D,4,8477465,Tristan Jarry,8472382,Andy Greene,0.0245762,0,1,NYI,37,13
71149,PIT,NYI,2020,1,30111,2341,2,HOMEZONE,SHOT,0,80,-3,80,-3,WRIST,0,0,C,44,8477465,Tristan Jarry,8476419,Jean-Gabriel Pageau,0.275365,0,1,NYI,80,-3
71150,PIT,NYI,2020,1,30111,2385,2,AWAYZONE,SHOT,0,-80,8,80,-8,TIP,0,0,L,16,8478009,Ilya Sorokin,8475722,Jason Zucker,0.10674,1,1,PIT,-79,9
71151,PIT,NYI,2020,1,30111,2452,3,HOMEZONE,SHOT,0,-32,0,32,0,WRIST,0,0,C,7,8477465,Tristan Jarry,8474586,Jordan Eberle,0.0190059,0,1,NYI,-31,-0
71152,PIT,NYI,2020,1,30111,2463,3,AWAYZONE,SHOT,0,54,-15,54,-15,WRIST,0,0,C,53,8478009,Ilya Sorokin,8476927,Teddy Blueger,0.0284313,1,1,PIT,51,-16
71153,PIT,NYI,2020,1,30111,2510,3,AWAYZONE,MISS,0,53,-34,53,-34,WRIST,0,0,R,17,8478009,Ilya Sorokin,8475810,Bryan Rust,0.00888146,1,0,PIT,51,-36
71154,PIT,NYI,2020,1,30111,2613,3,HOMEZONE,GOAL,1,-52,-16,52,16,WRIST,0,0,C,44,8477465,Tristan Jarry,8476419,Jean-Gabriel Pageau,0.0222091,0,1,NYI,-50,-17
71155,PIT,NYI,2020,1,30111,2651,3,HOMEZONE,SHOT,0,-89,15,88,-15,WRIST,0,0,C,53,8477465,Tristan Jarry,8475231,Casey Cizikas,0.0418322,0,1,NYI,-88,16
71156,PIT,NYI,2020,1,30111,2741,3,AWAYZONE,SHOT,0,37,-12,37,-12,WRIST,0,0,C,77,8478009,Ilya Sorokin,8470604,Jeff Carter,0.0161541,1,1,PIT,36,-12
71157,PIT,NYI,2020,1,30111,2768,3,Neu. Zone,SHOT,0,17,-2,17,-2,WRIST,0,0,C,77,8478009,Ilya Sorokin,8470604,Jeff Carter,0.0079879,1,1,PIT,21,-2
71158,PIT,NYI,2020,1,30111,2788,3,HOMEZONE,SHOT,0,-90,20,90,-20,WRIST,0,0,C,44,8477465,Tristan Jarry,8476419,Jean-Gabriel Pageau,0.01,0,1,NYI,-90,20
71159,PIT,NYI,2020,1,30111,2803,3,HOMEZONE,SHOT,0,-34,9,34,-9,SLAP,0,0,D,6,8477465,Tristan Jarry,8477506,Ryan Pulock,0.0233951,0,1,NYI,-33,9
71160,PIT,NYI,2020,1,30111,2853,3,AWAYZONE,SHOT,0,47,37,47,37,SNAP,0,0,D,28,8478009,Ilya Sorokin,8477969,Marcus Pettersson,0.0105063,1,1,PIT,46,38
71161,PIT,NYI,2020,1,30111,2884,3,HOMEZONE,SHOT,0,-74,6,74,-6,WRIST,0,0,L,18,8477465,Tristan Jarry,8478463,Anthony Beauvillier,0.0990908,0,1,NYI,-72,7
71162,PIT,NYI,2020,1,30111,2929,3,HOMEZONE,MISS,0,-62,-8,62,8,WRIST,0,0,D,3,8477465,Tristan Jarry,8476917,Adam Pelech,0.0613844,0,0,NYI,-60,-9
71163,PIT,NYI,2020,1,30111,2980,3,HOMEZONE,SHOT,0,-67,19,67,-19,WRIST,0,0,R,26,8477465,Tristan Jarry,8480789,Oliver Wahlstrom,0.0345571,0,1,NYI,-66,20
71164,PIT,NYI,2020,1,30111,3008,3,AWAYZONE,SHOT,0,63,-26,63,-26,WRIST,0,0,L,16,8478009,Ilya Sorokin,8475722,Jason Zucker,0.0135745,1,1,PIT,61,-28
71165,PIT,NYI,2020,1,30111,3029,3,HOMEZONE,SHOT,0,-34,30,34,-30,WRIST,0,0,D,24,8477465,Tristan Jarry,8476429,Scott Mayfield,0.0135849,0,1,NYI,-33,31
71166,PIT,NYI,2020,1,30111,3178,3,HOMEZONE,SHOT,0,-40,18,40,-18,WRIST,0,0,D,24,8477465,Tristan Jarry,8476429,Scott Mayfield,0.0171856,0,1,NYI,-38,19
71167,PIT,NYI,2020,1,30111,3341,3,HOMEZONE,SHOT,0,-87,-19,87,19,WRIST,0,0,L,18,8477465,Tristan Jarry,8478463,Anthony Beauvillier,0.0317465,0,1,NYI,-87,-20
71168,PIT,NYI,2020,1,30111,3350,3,HOMEZONE,GOAL,1,-52,4,52,-4,WRIST,0,0,C,29,8477465,Tristan Jarry,8475754,Brock Nelson,0.0246474,0,1,NYI,-49,4
71169,PIT,NYI,2020,1,30111,3381,3,AWAYZONE,GOAL,1,60,-5,60,-5,WRIST,0,0,R,42,8478009,Ilya Sorokin,8477953,Kasperi Kapanen,0.0603861,1,1,PIT,58,-5
71170,PIT,NYI,2020,1,30111,3494,3,HOMEZONE,SHOT,0,-70,15,70,-15,WRIST,0,0,C,12,8477465,Tristan Jarry,8474573,Josh Bailey,0.0513657,0,1,NYI,-69,16
71171,PIT,NYI,2020,1,30111,3495,3,HOMEZONE,SHOT,0,-65,14,65,-14,WRIST,0,1,C,44,8477465,Tristan Jarry,8476419,Jean-Gabriel Pageau,0.0730491,0,1,NYI,-63,15
71172,PIT,NYI,2020,1,30111,3827,4,AWAYZONE,SHOT,0,-84,-27,84,27,WRIST,0,0,C,77,8478009,Ilya Sorokin,8470604,Jeff Carter,0.0189245,1,1,PIT,-84,-29
71173,PIT,NYI,2020,1,30111,3861,4,AWAYZONE,SHOT,0,-66,-10,66,10,WRIST,0,0,R,42,8478009,Ilya Sorokin,8477953,Kasperi Kapanen,0.0622615,1,1,PIT,-64,-11
71174,PIT,NYI,2020,1,30111,3924,4,AWAYZONE,SHOT,0,-55,3,55,-3,WRIST,0,0,C,59,8478009,Ilya Sorokin,8477404,Jake Guentzel,0.0445225,1,1,PIT,-52,3
71175,PIT,NYI,2020,1,30111,3954,4,AWAYZONE,MISS,0,-75,-31,75,31,WRIST,0,0,L,16,8478009,Ilya Sorokin,8475722,Jason Zucker,0.0102229,1,0,PIT,-74,-34
71176,PIT,NYI,2020,1,30111,4018,4,AWAYZONE,SHOT,0,-44,27,44,-27,WRIST,0,0,C,19,8478009,Ilya Sorokin,8477955,Jared McCann,0.00886588,1,1,PIT,-43,28
71177,PIT,NYI,2020,1,30111,4061,4,HOMEZONE,SHOT,0,78,17,78,17,WRIST,0,0,C,13,8477465,Tristan Jarry,8478445,Mathew Barzal,0.044412,0,1,NYI,78,18
71178,PIT,NYI,2020,1,30111,4076,4,AWAYZONE,SHOT,0,-49,16,49,-16,WRIST,0,0,D,4,8478009,Ilya Sorokin,8476879,Cody Ceci,0.0175771,1,1,PIT,-46,17
71179,PIT,NYI,2020,1,30111,4176,4,AWAYZONE,SHOT,0,-66,15,66,-15,WRIST,0,0,C,59,8478009,Ilya Sorokin,8477404,Jake Guentzel,0.0495425,1,1,PIT,-65,16
71180,PIT,NYI,2020,1,30111,4273,4,HOMEZONE,SHOT,0,66,4,66,4,WRIST,0,0,L,18,8477465,Tristan Jarry,8478463,Anthony Beauvillier,0.181917,0,1,NYI,64,4
71181,PIT,NYI,2020,1,30111,4290,4,HOMEZONE,SHOT,0,43,-11,43,-11,BACK,0,0,D,3,8477465,Tristan Jarry,8476917,Adam Pelech,0.016156,0,1,NYI,41,-11
71182,PIT,NYI,2020,1,30111,4313,4,HOMEZONE,SHOT,0,41,33,41,33,WRIST,0,0,D,4,8477465,Tristan Jarry,8472382,Andy Greene,0.0227871,0,1,NYI,40,33
71183,PIT,NYI,2020,1,30111,4425,4,HOMEZONE,MISS,0,53,17,53,17,WRIST,0,0,C,21,8477465,Tristan Jarry,8475151,Kyle Palmieri,0.0248899,0,0,NYI,50,18
71184,PIT,NYI,2020,1,30111,4451,4,HOMEZONE,SHOT,0,73,20,73,20,WRIST,0,0,L,18,8477465,Tristan Jarry,8478463,Anthony Beauvillier,0.0327616,0,1,NYI,72,22
71185,PIT,NYI,2020,1,30111,4477,4,AWAYZONE,SHOT,0,-69,1,69,-1,WRIST,0,0,C,77,8478009,Ilya Sorokin,8470604,Jeff Carter,0.126263,1,1,PIT,-68,1
71186,PIT,NYI,2020,1,30111,4501,4,HOMEZONE,SHOT,0,78,15,78,15,WRIST,0,0,C,12,8477465,Tristan Jarry,8474573,Josh Bailey,0.078587099999999993,0,1,NYI,77,16
71187,PIT,NYI,2020,1,30111,4561,4,AWAYZONE,SHOT,0,-58,5,58,-5,WRIST,0,0,R,17,8478009,Ilya Sorokin,8475810,Bryan Rust,0.0496373,1,1,PIT,-56,5
71188,PIT,NYI,2020,1,30111,4574,4,AWAYZONE,SHOT,0,-40,10,40,-10,WRIST,0,0,D,5,8478009,Ilya Sorokin,8476875,Mike Matheson,0.0145673,1,1,PIT,-38,10
71189,PIT,NYI,2020,1,30111,4575,4,AWAYZONE,SHOT,0,-74,8,74,-8,WRIST,0,1,R,17,8478009,Ilya Sorokin,8475810,Bryan Rust,0.164005,1,1,PIT,-72,9
71190,PIT,NYI,2020,1,30111,4590,4,HOMEZONE,GOAL,1,77,-9,77,-9,WRIST,0,0,C,21,8477465,Tristan Jarry,8475151,Kyle Palmieri,0.0774626,0,1,NYI,76,-10
71854,PIT,NYI,2020,1,30112,48,1,AWAYZONE,SHOT,0,55,-34,55,-34,WRIST,0,0,C,77,8473575,Semyon Varlamov,8470604,Jeff Carter,0.00683476,1,1,PIT,54,-35
71855,PIT,NYI,2020,1,30112,127,1,AWAYZONE,MISS,0,52,-14,52,-14,SLAP,0,0,C,53,8473575,Semyon Varlamov,8476927,Teddy Blueger,0.0314418,1,0,PIT,49,-15
71856,PIT,NYI,2020,1,30112,134,1,AWAYZONE,SHOT,0,73,-1,73,-1,BACK,0,0,C,12,8473575,Semyon Varlamov,8479944,Zach Aston-Reese,0.0595522,1,1,PIT,71,-1
71857,PIT,NYI,2020,1,30112,202,1,AWAYZONE,GOAL,1,53,-26,53,-26,WRIST,0,0,R,17,8473575,Semyon Varlamov,8475810,Bryan Rust,0.0145648,1,1,PIT,51,-28
71858,PIT,NYI,2020,1,30112,245,1,HOMEZONE,SHOT,0,-53,15,53,-15,WRIST,0,0,R,26,8477465,Tristan Jarry,8480789,Oliver Wahlstrom,0.0224903,0,1,NYI,-50,16
71859,PIT,NYI,2020,1,30112,253,1,HOMEZONE,SHOT,0,-40,33,40,-33,WRIST,0,0,D,8,8477465,Tristan Jarry,8480865,Noah Dobson,0.00744524,0,1,NYI,-39,34
71860,PIT,NYI,2020,1,30112,296,1,Neu. Zone,SHOT,0,19,2,19,2,WRIST,0,0,C,87,8473575,Semyon Varlamov,8471675,Sidney Crosby,0.00826663,1,1,PIT,22,2
71861,PIT,NYI,2020,1,30112,328,1,AWAYZONE,SHOT,0,54,6,54,6,WRIST,0,0,C,12,8473575,Semyon Varlamov,8479944,Zach Aston-Reese,0.0417382,1,1,PIT,51,7
71862,PIT,NYI,2020,1,30112,428,1,AWAYZONE,SHOT,0,50,-14,50,-14,WRIST,0,0,R,42,8473575,Semyon Varlamov,8477953,Kasperi Kapanen,0.0215115,1,1,PIT,48,-15
71863,PIT,NYI,2020,1,30112,435,1,AWAYZONE,SHOT,0,55,-25,55,-25,WRIST,0,0,C,19,8473575,Semyon Varlamov,8477955,Jared McCann,0.0143399,1,1,PIT,53,-27
71864,PIT,NYI,2020,1,30112,453,1,AWAYZONE,SHOT,0,77,12,77,12,WRIST,0,0,C,59,8473575,Semyon Varlamov,8477404,Jake Guentzel,0.0664302,1,1,PIT,76,13
71865,PIT,NYI,2020,1,30112,468,1,HOMEZONE,SHOT,0,-38,-33,38,33,SNAP,0,0,D,3,8477465,Tristan Jarry,8476917,Adam Pelech,0.00939636,0,1,NYI,-37,-34
71866,PIT,NYI,2020,1,30112,470,1,HOMEZONE,SHOT,0,-83,-7,83,7,BACK,0,1,R,26,8477465,Tristan Jarry,8480789,Oliver Wahlstrom,0.143115,0,1,NYI,-83,-7
71867,PIT,NYI,2020,1,30112,471,1,HOMEZONE,MISS,0,-79,-12,79,12,BACK,0,1,C,44,8477465,Tristan Jarry,8476419,Jean-Gabriel Pageau,0.0496164,0,0,NYI,-77,-14
71868,PIT,NYI,2020,1,30112,493,1,AWAYZONE,SHOT,0,39,24,39,24,SLAP,0,0,C,87,8473575,Semyon Varlamov,8471675,Sidney Crosby,0.018424,1,1,PIT,39,24
71869,PIT,NYI,2020,1,30112,523,1,HOMEZONE,SHOT,0,-44,35,44,-35,WRIST,0,0,C,7,8477465,Tristan Jarry,8474586,Jordan Eberle,0.00727365,0,1,NYI,-43,36
71870,PIT,NYI,2020,1,30112,559,1,AWAYZONE,SHOT,0,63,19,63,19,SNAP,0,0,L,16,8473575,Semyon Varlamov,8475722,Jason Zucker,0.0321883,1,1,PIT,62,20
71871,PIT,NYI,2020,1,30112,577,1,AWAYZONE,SHOT,0,67,-4,67,-4,WRIST,0,0,C,9,8473575,Semyon Varlamov,8478542,Evan Rodrigues,0.112015,1,1,PIT,65,-4
71872,PIT,NYI,2020,1,30112,584,1,AWAYZONE,SHOT,0,90,-18,90,-18,WRIST,0,0,D,4,8473575,Semyon Varlamov,8476879,Cody Ceci,0.01,1,1,PIT,90,-18
71873,PIT,NYI,2020,1,30112,637,1,AWAYZONE,MISS,0,78,1,78,1,TIP,0,0,C,87,8473575,Semyon Varlamov,8471675,Sidney Crosby,0.117237,1,0,PIT,77,1
71874,PIT,NYI,2020,1,30112,644,1,AWAYZONE,SHOT,0,57,-37,57,-37,WRIST,0,0,D,58,8473575,Semyon Varlamov,8471724,Kris Letang,0.00768795,1,1,PIT,56,-39
71875,PIT,NYI,2020,1,30112,650,1,AWAYZONE,SHOT,0,42,-1,42,-1,WRIST,0,0,L,13,8473575,Semyon Varlamov,8479293,Brandon Tanev,0.0401011,1,1,PIT,40,-1
71876,PIT,NYI,2020,1,30112,654,1,HOMEZONE,SHOT,0,-31,-7,31,7,WRIST,0,0,C,44,8477465,Tristan Jarry,8476419,Jean-Gabriel Pageau,0.0211691,0,1,NYI,-30,-7
71877,PIT,NYI,2020,1,30112,728,1,AWAYZONE,SHOT,0,52,7,52,7,SNAP,0,0,C,87,8473575,Semyon Varlamov,8471675,Sidney Crosby,0.0382429,1,1,PIT,49,8
71878,PIT,NYI,2020,1,30112,741,1,HOMEZONE,SHOT,0,-79,9,79,-9,WRIST,0,0,L,18,8477465,Tristan Jarry,8478463,Anthony Beauvillier,0.0800215,0,1,NYI,-78,10
71879,PIT,NYI,2020,1,30112,742,1,HOMEZONE,SHOT,0,-82,7,82,-7,WRIST,0,1,L,18,8477465,Tristan Jarry,8478463,Anthony Beauvillier,0.137738,0,1,NYI,-82,7
71880,PIT,NYI,2020,1,30112,787,1,AWAYZONE,GOAL,1,73,-2,73,-2,WRIST,0,0,C,77,8473575,Semyon Varlamov,8470604,Jeff Carter,0.198679,1,1,PIT,71,-2
71881,PIT,NYI,2020,1,30112,959,1,HOMEZONE,SHOT,0,-42,-19,42,19,WRIST,0,0,D,2,8477465,Tristan Jarry,8475181,Nick Leddy,0.012158,0,1,NYI,-40,-20
71882,PIT,NYI,2020,1,30112,962,1,HOMEZONE,SHOT,0,-61,15,61,-15,TIP,0,1,C,53,8477465,Tristan Jarry,8475231,Casey Cizikas,0.120155,0,1,NYI,-59,16
71883,PIT,NYI,2020,1,30112,963,1,HOMEZONE,SHOT,0,-79,8,79,-8,WRIST,0,1,C,53,8477465,Tristan Jarry,8475231,Casey Cizikas,0.165403,0,1,NYI,-77,9
71884,PIT,NYI,2020,1,30112,1003,1,HOMEZONE,SHOT,0,-81,26,81,-26,WRIST,0,0,D,24,8477465,Tristan Jarry,8476429,Scott Mayfield,0.0157833,0,1,NYI,-80,28
71885,PIT,NYI,2020,1,30112,1088,1,AWAYZONE,SHOT,0,52,-16,52,-16,SNAP,0,0,C,9,8473575,Semyon Varlamov,8478542,Evan Rodrigues,0.0323116,1,1,PIT,50,-17
71886,PIT,NYI,2020,1,30112,1123,1,AWAYZONE,SHOT,0,37,27,37,27,WRIST,0,0,C,19,8473575,Semyon Varlamov,8477955,Jared McCann,0.00790413,1,1,PIT,36,28
71887,PIT,NYI,2020,1,30112,1173,1,AWAYZONE,MISS,0,58,10,58,10,TIP,0,0,C,11,8473575,Semyon Varlamov,8477919,Frederick Gaudreau,0.112123,1,0,PIT,56,11
71888,PIT,NYI,2020,1,30112,1193,1,AWAYZONE,SHOT,0,65,-1,65,-1,WRIST,0,0,C,59,8473575,Semyon Varlamov,8477404,Jake Guentzel,0.093285,1,1,PIT,63,-1
71889,PIT,NYI,2020,1,30112,1199,1,HOMEZONE,SHOT,0,-52,0,52,0,WRIST,0,0,C,13,8477465,Tristan Jarry,8478445,Mathew Barzal,0.041333,0,1,NYI,-49,-0
71890,PIT,NYI,2020,1,30112,1260,2,HOMEZONE,SHOT,0,53,-35,53,-35,BACK,0,0,C,47,8477465,Tristan Jarry,8473463,Leo Komarov,0.0104348,0,1,NYI,52,-36
71891,PIT,NYI,2020,1,30112,1275,2,HOMEZONE,SHOT,0,36,3,36,3,SLAP,0,0,D,2,8477465,Tristan Jarry,8475181,Nick Leddy,0.0188947,0,1,NYI,35,3
71892,PIT,NYI,2020,1,30112,1371,2,HOMEZONE,SHOT,0,41,26,41,26,WRIST,0,0,D,3,8477465,Tristan Jarry,8476917,Adam Pelech,0.0102092,0,1,NYI,40,27
71893,PIT,NYI,2020,1,30112,1393,2,HOMEZONE,SHOT,0,80,-7,80,-7,BACK,0,0,L,17,8477465,Tristan Jarry,8474709,Matt Martin,0.0883471,0,1,NYI,80,-7
71894,PIT,NYI,2020,1,30112,1459,2,AWAYZONE,SHOT,0,-91,-23,91,23,WRIST,0,0,D,24,8477465,Tristan Jarry,8476429,Scott Mayfield,0.01,0,1,NYI,-91,-23
71895,PIT,NYI,2020,1,30112,1590,2,AWAYZONE,SHOT,0,-70,9,70,-9,BACK,0,0,C,53,8473575,Semyon Varlamov,8476927,Teddy Blueger,0.0328634,1,1,PIT,-68,10
71896,PIT,NYI,2020,1,30112,1596,2,AWAYZONE,SHOT,0,-37,32,37,-32,WRIST,0,0,D,4,8473575,Semyon Varlamov,8476879,Cody Ceci,0.00757641,1,1,PIT,-36,32
71897,PIT,NYI,2020,1,30112,1600,2,AWAYZONE,SHOT,0,-33,32,33,-32,WRIST,0,0,D,4,8473575,Semyon Varlamov,8476879,Cody Ceci,0.0116258,1,1,PIT,-33,32
71898,PIT,NYI,2020,1,30112,1608,2,AWAYZONE,MISS,0,-72,13,72,-13,WRIST,0,0,C,12,8473575,Semyon Varlamov,8479944,Zach Aston-Reese,0.0526376,1,0,PIT,-71,14
71899,PIT,NYI,2020,1,30112,1623,2,AWAYZONE,SHOT,0,-64,-12,64,12,WRIST,0,0,D,4,8473575,Semyon Varlamov,8476879,Cody Ceci,0.0488042,1,1,PIT,-62,-13
71900,PIT,NYI,2020,1,30112,1778,2,AWAYZONE,SHOT,0,-68,8,68,-8,TIP,0,0,C,77,8473575,Semyon Varlamov,8470604,Jeff Carter,0.0761204,1,1,PIT,-67,9
71901,PIT,NYI,2020,1,30112,1880,2,AWAYZONE,SHOT,0,-67,-16,67,16,WRIST,0,0,C,59,8473575,Semyon Varlamov,8477404,Jake Guentzel,0.0623733,1,1,PIT,-66,-17
71902,PIT,NYI,2020,1,30112,1992,2,AWAYZONE,SHOT,0,-60,-21,60,21,BACK,0,0,R,17,8473575,Semyon Varlamov,8475810,Bryan Rust,0.0161139,1,1,PIT,-57,-23
71903,PIT,NYI,2020,1,30112,2025,2,HOMEZONE,SHOT,0,37,11,37,11,WRIST,0,0,D,4,8477465,Tristan Jarry,8472382,Andy Greene,0.0136607,0,1,NYI,36,11
71904,PIT,NYI,2020,1,30112,2029,2,HOMEZONE,SHOT,0,55,15,55,15,WRIST,0,0,C,12,8477465,Tristan Jarry,8474573,Josh Bailey,0.0363414,0,1,NYI,52,16
71905,PIT,NYI,2020,1,30112,2077,2,HOMEZONE,SHOT,0,59,20,59,20,WRIST,0,0,D,24,8477465,Tristan Jarry,8476429,Scott Mayfield,0.029602,0,1,NYI,57,22
71906,PIT,NYI,2020,1,30112,2082,2,HOMEZONE,SHOT,0,87,8,87,8,WRIST,0,0,D,24,8477465,Tristan Jarry,8476429,Scott Mayfield,0.0541672,0,1,NYI,87,8
71907,PIT,NYI,2020,1,30112,2084,2,HOMEZONE,GOAL,1,67,5,67,5,BACK,0,1,C,12,8477465,Tristan Jarry,8474573,Josh Bailey,0.181983,0,1,NYI,65,6
71908,PIT,NYI,2020,1,30112,2103,2,AWAYZONE,SHOT,0,-74,5,74,-5,WRIST,0,0,L,13,8473575,Semyon Varlamov,8479293,Brandon Tanev,0.0957322,1,1,PIT,-72,6
71909,PIT,NYI,2020,1,30112,2189,2,HOMEZONE,MISS,0,47,13,47,13,WRIST,0,0,D,6,8477465,Tristan Jarry,8477506,Ryan Pulock,0.0294069,0,0,NYI,44,14
71910,PIT,NYI,2020,1,30112,2195,2,HOMEZONE,SHOT,0,59,-1,59,-1,WRIST,0,0,C,7,8477465,Tristan Jarry,8474586,Jordan Eberle,0.0687169,0,1,NYI,57,-1
71911,PIT,NYI,2020,1,30112,2212,2,AWAYZONE,SHOT,0,-77,-21,77,21,WRIST,0,0,D,6,8473575,Semyon Varlamov,8478507,John Marino,0.0386882,1,1,PIT,-76,-23
71912,PIT,NYI,2020,1,30112,2223,2,HOMEZONE,SHOT,0,62,15,62,15,WRIST,0,0,L,18,8477465,Tristan Jarry,8478463,Anthony Beauvillier,0.0733866,0,1,NYI,60,16
71913,PIT,NYI,2020,1,30112,2230,2,HOMEZONE,MISS,0,41,-25,41,-25,WRIST,0,0,D,24,8477465,Tristan Jarry,8476429,Scott Mayfield,0.00907754,0,0,NYI,39,-26
71914,PIT,NYI,2020,1,30112,2238,2,HOMEZONE,SHOT,0,86,-8,86,-8,WRIST,0,0,C,44,8477465,Tristan Jarry,8476419,Jean-Gabriel Pageau,0.0510959,0,1,NYI,86,-8
71915,PIT,NYI,2020,1,30112,2274,2,HOMEZONE,SHOT,0,52,-4,52,-4,WRIST,0,0,R,15,8477465,Tristan Jarry,8473504,Cal Clutterbuck,0.028115,0,1,NYI,49,-4
71916,PIT,NYI,2020,1,30112,2311,2,HOMEZONE,SHOT,0,88,7,88,7,WRAP,0,0,C,13,8477465,Tristan Jarry,8478445,Mathew Barzal,0.0472225,0,1,NYI,88,7
71917,PIT,NYI,2020,1,30112,2373,2,AWAYZONE,SHOT,0,-66,-36,66,36,WRIST,0,0,C,9,8473575,Semyon Varlamov,8478542,Evan Rodrigues,0.0104147,1,1,PIT,-64,-39
71918,PIT,NYI,2020,1,30112,2412,3,AWAYZONE,SHOT,0,36,4,36,4,WRIST,0,0,C,87,8473575,Semyon Varlamov,8471675,Sidney Crosby,0.013233,1,1,PIT,35,4
71919,PIT,NYI,2020,1,30112,2460,3,AWAYZONE,SHOT,0,43,1,43,1,SNAP,0,0,R,42,8473575,Semyon Varlamov,8477953,Kasperi Kapanen,0.0515537,1,1,PIT,40,1
71920,PIT,NYI,2020,1,30112,2522,3,HOMEZONE,SHOT,0,-61,1,61,-1,BACK,0,0,C,7,8477465,Tristan Jarry,8474586,Jordan Eberle,0.0303876,0,1,NYI,-59,1
71921,PIT,NYI,2020,1,30112,2531,3,HOMEZONE,MISS,0,-33,9,33,-9,WRIST,0,0,D,8,8477465,Tristan Jarry,8480865,Noah Dobson,0.0126066,0,0,NYI,-32,9
71922,PIT,NYI,2020,1,30112,2637,3,AWAYZONE,SHOT,0,80,-6,80,-6,WRIST,0,0,C,59,8473575,Semyon Varlamov,8477404,Jake Guentzel,0.135895,1,1,PIT,79,-7
71923,PIT,NYI,2020,1,30112,2658,3,AWAYZONE,SHOT,0,85,22,85,22,WRIST,0,0,C,44,8477465,Tristan Jarry,8476419,Jean-Gabriel Pageau,0.027763,0,1,NYI,85,24
71924,PIT,NYI,2020,1,30112,2755,3,HOMEZONE,SHOT,0,-63,-28,63,28,WRIST,0,0,C,47,8477465,Tristan Jarry,8473463,Leo Komarov,0.0142215,0,1,NYI,-61,-30
71925,PIT,NYI,2020,1,30112,2762,3,HOMEZONE,SHOT,0,-58,36,58,-36,WRIST,0,0,D,24,8477465,Tristan Jarry,8476429,Scott Mayfield,0.00754265,0,1,NYI,-56,38
71926,PIT,NYI,2020,1,30112,2796,3,AWAYZONE,MISS,0,81,25,81,25,WRIST,0,0,L,13,8473575,Semyon Varlamov,8479293,Brandon Tanev,0.0197671,1,0,PIT,80,27
71927,PIT,NYI,2020,1,30112,2812,3,AWAYZONE,SHOT,0,61,-10,61,-10,WRIST,0,0,C,59,8473575,Semyon Varlamov,8477404,Jake Guentzel,0.0430929,1,1,PIT,59,-11
71928,PIT,NYI,2020,1,30112,2813,3,AWAYZONE,SHOT,0,34,-25,34,-25,SLAP,0,1,D,58,8473575,Semyon Varlamov,8471724,Kris Letang,0.0327252,1,1,PIT,33,-25
71929,PIT,NYI,2020,1,30112,2836,3,AWAYZONE,SHOT,0,57,30,57,30,WRIST,0,0,C,87,8473575,Semyon Varlamov,8471675,Sidney Crosby,0.0093774,1,1,PIT,55,32
71930,PIT,NYI,2020,1,30112,2837,3,AWAYZONE,SHOT,0,72,8,72,8,WRIST,0,1,R,17,8473575,Semyon Varlamov,8475810,Bryan Rust,0.171049,1,1,PIT,71,9
71931,PIT,NYI,2020,1,30112,2843,3,AWAYZONE,SHOT,0,32,-30,32,-30,WRIST,0,0,D,58,8473575,Semyon Varlamov,8471724,Kris Letang,0.0100801,1,1,PIT,31,-30
71932,PIT,NYI,2020,1,30112,2872,3,HOMEZONE,SHOT,0,-76,0,76,0,BACK,0,0,C,13,8477465,Tristan Jarry,8478445,Mathew Barzal,0.093427,0,1,NYI,-74,-0
71933,PIT,NYI,2020,1,30112,2887,3,Neu. Zone,SHOT,0,-8,4,8,-4,WRIST,0,0,D,8,8477465,Tristan Jarry,8480865,Noah Dobson,0.0105246,0,1,NYI,-6,4
71934,PIT,NYI,2020,1,30112,2901,3,AWAYZONE,SHOT,0,62,-12,62,-12,WRIST,0,0,C,9,8473575,Semyon Varlamov,8478542,Evan Rodrigues,0.0523712,1,1,PIT,60,-13
71935,PIT,NYI,2020,1,30112,3008,3,AWAYZONE,SHOT,0,58,-24,58,-24,WRIST,0,0,C,59,8473575,Semyon Varlamov,8477404,Jake Guentzel,0.0202372,1,1,PIT,56,-26
71936,PIT,NYI,2020,1,30112,3055,3,Neu. Zone,SHOT,0,11,-20,11,-20,WRIST,0,0,C,19,8473575,Semyon Varlamov,8477955,Jared McCann,0.00685183,1,1,PIT,9,-21
71937,PIT,NYI,2020,1,30112,3138,3,AWAYZONE,MISS,0,34,-26,34,-26,WRIST,0,0,D,6,8473575,Semyon Varlamov,8478507,John Marino,0.00879273,1,0,PIT,33,-26
71938,PIT,NYI,2020,1,30112,3153,3,AWAYZONE,SHOT,0,88,-6,88,-6,WRAP,0,0,C,59,8473575,Semyon Varlamov,8477404,Jake Guentzel,0.124088,1,1,PIT,88,-6
71939,PIT,NYI,2020,1,30112,3193,3,AWAYZONE,SHOT,0,75,-23,75,-23,WRIST,0,0,R,17,8473575,Semyon Varlamov,8475810,Bryan Rust,0.024398,1,1,PIT,74,-25
71940,PIT,NYI,2020,1,30112,3222,3,AWAYZONE,SHOT,0,65,13,65,13,SNAP,0,0,R,42,8473575,Semyon Varlamov,8477953,Kasperi Kapanen,0.0642069,1,1,PIT,64,14
71941,PIT,NYI,2020,1,30112,3242,3,HOMEZONE,SHOT,0,-74,21,74,-21,WRIST,0,0,D,24,8477465,Tristan Jarry,8476429,Scott Mayfield,0.0249892,0,1,NYI,-73,23
71942,PIT,NYI,2020,1,30112,3244,3,HOMEZONE,SHOT,0,-72,-17,72,17,WRIST,0,1,D,24,8477465,Tristan Jarry,8476429,Scott Mayfield,0.280512,0,1,NYI,-71,-18
71943,PIT,NYI,2020,1,30112,3255,3,HOMEZONE,SHOT,0,-63,-16,63,16,WRIST,0,0,L,17,8477465,Tristan Jarry,8474709,Matt Martin,0.0382017,0,1,NYI,-61,-17
71944,PIT,NYI,2020,1,30112,3325,3,AWAYZONE,SHOT,0,34,-31,34,-31,WRIST,0,0,D,4,8473575,Semyon Varlamov,8476879,Cody Ceci,0.00866096,1,1,PIT,33,-31
71945,PIT,NYI,2020,1,30112,3348,3,AWAYZONE,MISS,0,80,24,80,24,WRIST,0,0,C,12,8473575,Semyon Varlamov,8479944,Zach Aston-Reese,0.0170469,1,0,PIT,79,26
71946,PIT,NYI,2020,1,30112,3350,3,AWAYZONE,SHOT,0,70,29,70,29,WRIST,0,0,C,53,8473575,Semyon Varlamov,8476927,Teddy Blueger,0.0129278,1,1,PIT,68,32
71947,PIT,NYI,2020,1,30112,3386,3,HOMEZONE,MISS,0,-80,-19,80,19,WRIST,0,0,R,15,8477465,Tristan Jarry,8473504,Cal Clutterbuck,0.032218,0,0,NYI,-79,-21
71948,PIT,NYI,2020,1,30112,3463,3,HOMEZONE,MISS,0,-54,-17,54,17,WRIST,0,0,C,12,8477465,Tristan Jarry,8474573,Josh Bailey,0.0210449,0,0,NYI,-51,-18
71949,PIT,NYI,2020,1,30112,3528,3,HOMEZONE,SHOT,0,-36,-22,36,22,SNAP,0,0,R,26,8477465,Tristan Jarry,8480789,Oliver Wahlstrom,0.00539372,0,1,NYI,-35,-22
72668,NYI,PIT,2020,1,30113,112,1,HOMEZONE,SHOT,0,-86,34,86,-34,WRIST,0,0,L,13,8473575,Semyon Varlamov,8479293,Brandon Tanev,0.0216162,0,1,PIT,-85,42
72669,NYI,PIT,2020,1,30113,121,1,HOMEZONE,GOAL,1,-33,30,33,-30,SLAP,0,0,D,58,8473575,Semyon Varlamov,8471724,Kris Letang,0.0158684,0,1,PIT,-32,31
72670,NYI,PIT,2020,1,30113,199,1,HOMEZONE,SHOT,0,-76,-6,76,6,WRIST,0,0,C,59,8473575,Semyon Varlamov,8477404,Jake Guentzel,0.0121464,0,1,PIT,-73,-8
72671,NYI,PIT,2020,1,30113,237,1,HOMEZONE,SHOT,0,-56,-27,56,27,SLAP,0,0,C,19,8473575,Semyon Varlamov,8477955,Jared McCann,0.00467729,0,1,PIT,-50,-32
72672,NYI,PIT,2020,1,30113,338,1,AWAYZONE,SHOT,0,50,23,50,23,WRIST,0,0,C,13,8477465,Tristan Jarry,8478445,Mathew Barzal,0.0105762,1,1,NYI,45,26
72673,NYI,PIT,2020,1,30113,339,1,AWAYZONE,SHOT,0,82,-11,82,-11,WRIST,0,1,C,7,8477465,Tristan Jarry,8474586,Jordan Eberle,0.300615,1,1,NYI,80,-13
72674,NYI,PIT,2020,1,30113,352,1,AWAYZONE,SHOT,0,33,-28,33,-28,WRIST,0,0,C,7,8477465,Tristan Jarry,8474586,Jordan Eberle,0.00899183,1,1,NYI,32,-29
72675,NYI,PIT,2020,1,30113,362,1,AWAYZONE,SHOT,0,56,15,56,15,WRIST,0,0,C,7,8477465,Tristan Jarry,8474586,Jordan Eberle,0.0191209,1,1,NYI,49,18
72676,NYI,PIT,2020,1,30113,376,1,HOMEZONE,SHOT,0,-80,11,80,-11,WRIST,0,0,D,6,8473575,Semyon Varlamov,8478507,John Marino,0.0892532,0,1,PIT,-78,14
72677,NYI,PIT,2020,1,30113,408,1,HOMEZONE,SHOT,0,-53,-12,53,12,WRIST,0,0,D,5,8473575,Semyon Varlamov,8476875,Mike Matheson,0.0188082,0,1,PIT,-46,-14
72678,NYI,PIT,2020,1,30113,416,1,HOMEZONE,SHOT,0,-45,12,45,-12,SLAP,0,0,D,4,8473575,Semyon Varlamov,8476879,Cody Ceci,0.013986,0,1,PIT,-39,14
72679,NYI,PIT,2020,1,30113,527,1,HOMEZONE,SHOT,0,-55,11,55,-11,WRIST,0,0,D,6,8473575,Semyon Varlamov,8478507,John Marino,0.0514998,0,1,PIT,-47,14
72680,NYI,PIT,2020,1,30113,611,1,HOMEZONE,SHOT,0,-64,7,64,-7,SLAP,0,0,C,71,8473575,Semyon Varlamov,8471215,Evgeni Malkin,0.0714263,0,1,PIT,-56,9
72681,NYI,PIT,2020,1,30113,701,1,HOMEZONE,MISS,0,-78,-3,78,3,TIP,0,0,C,59,8473575,Semyon Varlamov,8477404,Jake Guentzel,0.117558,0,0,PIT,-76,-3
72682,NYI,PIT,2020,1,30113,715,1,AWAYZONE,SHOT,0,38,23,38,23,WRIST,0,0,D,3,8477465,Tristan Jarry,8476917,Adam Pelech,0.00964544,1,1,NYI,35,24
72683,NYI,PIT,2020,1,30113,735,1,AWAYZONE,SHOT,0,49,-11,49,-11,WRIST,0,0,C,13,8477465,Tristan Jarry,8478445,Mathew Barzal,0.0174757,1,1,NYI,43,-13
72684,NYI,PIT,2020,1,30113,746,1,AWAYZONE,SHOT,0,80,14,80,14,WRIST,0,0,D,4,8477465,Tristan Jarry,8472382,Andy Greene,0.0330443,1,1,NYI,77,19
72685,NYI,PIT,2020,1,30113,876,1,HOMEZONE,SHOT,0,-43,24,43,-24,BACK,0,0,C,11,8473575,Semyon Varlamov,8477919,Frederick Gaudreau,0.0147346,0,1,PIT,-39,26
72686,NYI,PIT,2020,1,30113,945,1,HOMEZONE,SHOT,0,-51,-20,51,20,WRIST,0,0,D,5,8473575,Semyon Varlamov,8476875,Mike Matheson,0.0129517,0,1,PIT,-45,-23
72687,NYI,PIT,2020,1,30113,1016,1,AWAYZONE,SHOT,0,84,-2,84,-2,WRIST,0,0,C,21,8477465,Tristan Jarry,8475151,Kyle Palmieri,0.32466,1,1,NYI,84,-2
72688,NYI,PIT,2020,1,30113,1081,1,HOMEZONE,SHOT,0,-49,-25,49,25,WRIST,0,0,D,5,8473575,Semyon Varlamov,8476875,Mike Matheson,0.00623199,0,1,PIT,-45,-28
72689,NYI,PIT,2020,1,30113,1092,1,AWAYZONE,SHOT,0,75,5,75,5,BACK,0,0,C,13,8477465,Tristan Jarry,8478445,Mathew Barzal,0.111777,1,1,NYI,71,6
72690,NYI,PIT,2020,1,30113,1099,1,AWAYZONE,MISS,0,43,-2,43,-2,WRIST,0,0,D,6,8477465,Tristan Jarry,8477506,Ryan Pulock,0.0141866,1,0,NYI,37,-2
72691,NYI,PIT,2020,1,30113,1138,1,AWAYZONE,SHOT,0,79,4,79,4,TIP,0,0,C,12,8477465,Tristan Jarry,8474573,Josh Bailey,0.0905229,1,1,NYI,77,5
72692,NYI,PIT,2020,1,30113,1294,2,AWAYZONE,MISS,0,-45,-25,45,25,SNAP,0,0,L,18,8477465,Tristan Jarry,8478463,Anthony Beauvillier,0.0258858,1,0,NYI,-41,-27
72693,NYI,PIT,2020,1,30113,1372,2,AWAYZONE,MISS,0,-79,1,79,-1,TIP,0,0,L,17,8477465,Tristan Jarry,8474709,Matt Martin,0.101459,1,0,NYI,-76,1
72694,NYI,PIT,2020,1,30113,1405,2,AWAYZONE,MISS,0,-67,-2,67,2,WRIST,0,0,L,18,8477465,Tristan Jarry,8478463,Anthony Beauvillier,0.0892088,1,0,NYI,-61,-3
72695,NYI,PIT,2020,1,30113,1527,2,AWAYZONE,SHOT,0,-74,17,74,-17,WRIST,0,0,C,13,8477465,Tristan Jarry,8478445,Mathew Barzal,0.052628,1,1,NYI,-69,22
72696,NYI,PIT,2020,1,30113,1659,2,AWAYZONE,SHOT,0,-41,2,41,-2,SLAP,0,0,D,3,8477465,Tristan Jarry,8476917,Adam Pelech,0.0229793,1,1,NYI,-36,2
72697,NYI,PIT,2020,1,30113,1711,2,HOMEZONE,SHOT,0,86,-3,86,-3,TIP,0,0,C,87,8473575,Semyon Varlamov,8471675,Sidney Crosby,0.222911,0,1,PIT,86,-3
72698,NYI,PIT,2020,1,30113,1740,2,HOMEZONE,SHOT,0,81,-16,81,-16,BACK,0,0,D,28,8473575,Semyon Varlamov,8477969,Marcus Pettersson,0.0107885,0,1,PIT,78,-21
72699,NYI,PIT,2020,1,30113,1785,2,AWAYZONE,SHOT,0,-84,9,84,-9,BACK,0,0,L,18,8477465,Tristan Jarry,8478463,Anthony Beauvillier,0.0340061,1,1,NYI,-83,11
72700,NYI,PIT,2020,1,30113,1854,2,AWAYZONE,SHOT,0,-86,13,86,-13,WRIST,0,0,C,13,8477465,Tristan Jarry,8478445,Mathew Barzal,0.0510795,1,1,NYI,-85,16
72701,NYI,PIT,2020,1,30113,1863,2,AWAYZONE,GOAL,1,-63,19,63,-19,WRIST,0,0,D,24,8477465,Tristan Jarry,8476429,Scott Mayfield,0.0200898,1,1,NYI,-57,24
72702,NYI,PIT,2020,1,30113,2013,2,HOMEZONE,GOAL,1,75,-10,75,-10,WRIST,0,0,C,77,8473575,Semyon Varlamov,8470604,Jeff Carter,0.0717403,0,1,PIT,71,-13
72703,NYI,PIT,2020,1,30113,2049,2,HOMEZONE,MISS,0,76,34,76,34,WRIST,0,0,L,13,8473575,Semyon Varlamov,8479293,Brandon Tanev,0.00961754,0,0,PIT,73,41
72704,NYI,PIT,2020,1,30113,2057,2,HOMEZONE,MISS,0,51,12,51,12,WRIST,0,0,C,12,8473575,Semyon Varlamov,8479944,Zach Aston-Reese,0.0172918,0,0,PIT,45,14
72705,NYI,PIT,2020,1,30113,2063,2,HOMEZONE,SHOT,0,82,-1,82,-1,WRIST,0,0,C,12,8473575,Semyon Varlamov,8479944,Zach Aston-Reese,0.142475,0,1,PIT,82,-1
72706,NYI,PIT,2020,1,30113,2064,2,HOMEZONE,SHOT,0,33,-2,33,-2,WRIST,0,1,D,6,8473575,Semyon Varlamov,8478507,John Marino,0.029735,0,1,PIT,30,-2
72707,NYI,PIT,2020,1,30113,2283,2,HOMEZONE,GOAL,1,74,0,74,0,WRIST,0,0,L,16,8473575,Semyon Varlamov,8475722,Jason Zucker,0.138231,0,1,PIT,70,-0
72708,NYI,PIT,2020,1,30113,2299,2,AWAYZONE,SHOT,0,-33,26,33,-26,WRIST,0,0,D,6,8477465,Tristan Jarry,8477506,Ryan Pulock,0.00757344,1,1,NYI,-32,27
72709,NYI,PIT,2020,1,30113,2352,2,AWAYZONE,SHOT,0,-64,-21,64,21,WRIST,0,0,C,29,8477465,Tristan Jarry,8475754,Brock Nelson,0.016555,1,1,NYI,-58,-26
72710,NYI,PIT,2020,1,30113,2426,3,AWAYZONE,MISS,0,41,27,41,27,WRIST,0,0,D,3,8477465,Tristan Jarry,8476917,Adam Pelech,0.00793449,1,0,NYI,38,28
72711,NYI,PIT,2020,1,30113,2488,3,Neu. Zone,SHOT,0,18,-37,18,-37,WRIST,0,0,C,29,8477465,Tristan Jarry,8475754,Brock Nelson,0.00684546,1,1,NYI,16,-38
72712,NYI,PIT,2020,1,30113,2511,3,HOMEZONE,SHOT,0,-39,-22,39,22,WRIST,0,0,D,28,8473575,Semyon Varlamov,8477969,Marcus Pettersson,0.0175782,0,1,PIT,-36,-23
72713,NYI,PIT,2020,1,30113,2588,3,AWAYZONE,MISS,0,51,-23,51,-23,WRIST,0,0,C,13,8477465,Tristan Jarry,8478445,Mathew Barzal,0.0091039,1,0,NYI,46,-26
72714,NYI,PIT,2020,1,30113,2623,3,AWAYZONE,SHOT,0,59,-1,59,-1,WRIST,0,0,D,2,8477465,Tristan Jarry,8475181,Nick Leddy,0.0428625,1,1,NYI,52,-1
72715,NYI,PIT,2020,1,30113,2626,3,AWAYZONE,GOAL,1,79,5,79,5,WRIST,0,1,R,15,8477465,Tristan Jarry,8473504,Cal Clutterbuck,0.149007,1,1,NYI,77,6
72716,NYI,PIT,2020,1,30113,2649,3,HOMEZONE,MISS,0,-58,-7,58,7,WRIST,0,0,C,11,8473575,Semyon Varlamov,8477919,Frederick Gaudreau,0.0266466,0,0,PIT,-50,-9
72717,NYI,PIT,2020,1,30113,2685,3,AWAYZONE,SHOT,0,61,14,61,14,WRIST,0,0,D,3,8477465,Tristan Jarry,8476917,Adam Pelech,0.0265323,1,1,NYI,54,17
72718,NYI,PIT,2020,1,30113,2687,3,AWAYZONE,SHOT,0,89,-6,88,-6,WRAP,0,1,D,3,8477465,Tristan Jarry,8476917,Adam Pelech,0.262963,1,1,NYI,88,-6
72719,NYI,PIT,2020,1,30113,2734,3,AWAYZONE,SHOT,0,86,-2,86,-2,WRIST,0,0,C,21,8477465,Tristan Jarry,8475151,Kyle Palmieri,0.28636,1,1,NYI,86,-2
72720,NYI,PIT,2020,1,30113,2735,3,AWAYZONE,SHOT,0,86,-2,86,-2,WRIST,0,1,C,21,8477465,Tristan Jarry,8475151,Kyle Palmieri,0.299005,1,1,NYI,86,-2
72721,NYI,PIT,2020,1,30113,2754,3,AWAYZONE,GOAL,1,86,-5,86,-5,WRIST,0,0,L,18,8477465,Tristan Jarry,8478463,Anthony Beauvillier,0.205095,1,1,NYI,86,-5
72722,NYI,PIT,2020,1,30113,2758,3,HOMEZONE,MISS,0,-77,-15,77,15,BACK,0,0,C,77,8473575,Semyon Varlamov,8470604,Jeff Carter,0.0279376,0,0,PIT,-73,-20
72723,NYI,PIT,2020,1,30113,2820,3,HOMEZONE,GOAL,1,-82,-4,82,4,WRIST,0,0,C,77,8473575,Semyon Varlamov,8470604,Jeff Carter,0.769035,0,1,PIT,-82,-4
72724,NYI,PIT,2020,1,30113,2839,3,HOMEZONE,MISS,0,-46,-24,46,24,WRIST,0,0,D,5,8473575,Semyon Varlamov,8476875,Mike Matheson,0.0121489,0,0,PIT,-42,-26
72725,NYI,PIT,2020,1,30113,2853,3,HOMEZONE,SHOT,0,-78,5,78,-5,TIP,0,0,L,13,8473575,Semyon Varlamov,8479293,Brandon Tanev,0.0713041,0,1,PIT,-76,6
72726,NYI,PIT,2020,1,30113,2868,3,HOMEZONE,SHOT,0,-88,12,88,-12,WRIST,0,0,C,12,8473575,Semyon Varlamov,8479944,Zach Aston-Reese,0.00861192,0,1,PIT,-88,14
72727,NYI,PIT,2020,1,30113,2894,3,HOMEZONE,MISS,0,-36,25,36,-25,SLAP,0,0,D,58,8473575,Semyon Varlamov,8471724,Kris Letang,0.0048305,0,0,PIT,-34,26
72728,NYI,PIT,2020,1,30113,2914,3,AWAYZONE,MISS,0,35,21,35,21,SNAP,0,0,D,8,8477465,Tristan Jarry,8480865,Noah Dobson,0.0241032,1,0,NYI,32,22
72729,NYI,PIT,2020,1,30113,2928,3,AWAYZONE,SHOT,0,80,-1,80,-1,TIP,0,0,C,29,8477465,Tristan Jarry,8475754,Brock Nelson,0.14774,1,1,NYI,80,-1
72730,NYI,PIT,2020,1,30113,3016,3,AWAYZONE,SHOT,0,82,-4,82,-4,BACK,0,0,C,21,8477465,Tristan Jarry,8475151,Kyle Palmieri,0.151413,1,1,NYI,82,-4
72731,NYI,PIT,2020,1,30113,3110,3,HOMEZONE,SHOT,0,-39,0,39,0,WRIST,0,0,D,58,8473575,Semyon Varlamov,8471724,Kris Letang,0.0209219,0,1,PIT,-34,-0
72732,NYI,PIT,2020,1,30113,3127,3,HOMEZONE,SHOT,0,-60,18,60,-18,WRIST,0,0,C,71,8473575,Semyon Varlamov,8471215,Evgeni Malkin,0.0576571,0,1,PIT,-53,22
72733,NYI,PIT,2020,1,30113,3257,3,AWAYZONE,GOAL,1,84,3,84,3,WRIST,0,0,R,15,8477465,Tristan Jarry,8473504,Cal Clutterbuck,0.17062,1,1,NYI,84,3
72734,NYI,PIT,2020,1,30113,3296,3,HOMEZONE,MISS,0,-73,4,73,-4,TIP,0,0,C,59,8473575,Semyon Varlamov,8477404,Jake Guentzel,0.0744837,0,0,PIT,-69,5
72735,NYI,PIT,2020,1,30113,3384,3,HOMEZONE,GOAL,1,-80,-3,80,3,WRIST,0,0,L,13,8473575,Semyon Varlamov,8479293,Brandon Tanev,0.197265,0,1,PIT,-80,-3
72736,NYI,PIT,2020,1,30113,3406,3,HOMEZONE,SHOT,0,-74,-3,74,3,WRIST,0,0,C,87,8473575,Semyon Varlamov,8471675,Sidney Crosby,0.109417,0,1,PIT,-70,-4
72737,NYI,PIT,2020,1,30113,3412,3,HOMEZONE,SHOT,0,-71,11,71,-11,WRIST,0,0,C,59,8473575,Semyon Varlamov,8477404,Jake Guentzel,0.0474571,0,1,PIT,-66,14
72738,NYI,PIT,2020,1,30113,3425,3,AWAYZONE,SHOT,0,52,-23,52,-23,SLAP,0,0,D,24,8477465,Tristan Jarry,8476429,Scott Mayfield,0.0137764,1,1,NYI,47,-26
72739,NYI,PIT,2020,1,30113,3485,3,AWAYZONE,SHOT,0,79,-11,79,-11,WRIST,0,0,C,29,8477465,Tristan Jarry,8475754,Brock Nelson,0.0567242,1,1,NYI,76,-14
72740,NYI,PIT,2020,1,30113,3509,3,AWAYZONE,MISS,0,44,12,44,12,SLAP,0,0,D,8,8477465,Tristan Jarry,8480865,Noah Dobson,0.0347857,1,0,NYI,39,13
72741,NYI,PIT,2020,1,30113,3528,3,AWAYZONE,MISS,0,78,3,78,3,TIP,0,0,C,29,8477465,Tristan Jarry,8475754,Brock Nelson,0.0998997,1,0,NYI,76,3
73403,NYI,PIT,2020,1,30114,61,1,HOMEZONE,SHOT,0,-77,15,77,-15,WRIST,0,0,R,42,8478009,Ilya Sorokin,8477953,Kasperi Kapanen,0.0395577,0,1,PIT,-73,20
73404,NYI,PIT,2020,1,30114,91,1,Neu. Zone,SHOT,0,22,-23,22,-23,WRIST,0,0,R,26,8477465,Tristan Jarry,8480789,Oliver Wahlstrom,0.00528914,1,1,NYI,20,-24
73405,NYI,PIT,2020,1,30114,270,1,AWAYZONE,SHOT,0,78,6,78,6,WRIST,0,0,C,44,8477465,Tristan Jarry,8476419,Jean-Gabriel Pageau,0.0802393,1,1,NYI,75,8
73406,NYI,PIT,2020,1,30114,345,1,AWAYZONE,SHOT,0,71,-11,71,-11,WRIST,0,0,L,18,8477465,Tristan Jarry,8478463,Anthony Beauvillier,0.0602144,1,1,NYI,66,-14
73407,NYI,PIT,2020,1,30114,355,1,AWAYZONE,SHOT,0,68,-2,68,-2,WRIST,0,0,L,18,8477465,Tristan Jarry,8478463,Anthony Beauvillier,0.0759368,1,1,NYI,62,-3
73408,NYI,PIT,2020,1,30114,374,1,AWAYZONE,SHOT,0,44,22,44,22,WRIST,0,0,D,2,8477465,Tristan Jarry,8475181,Nick Leddy,0.0109237,1,1,NYI,40,24
73409,NYI,PIT,2020,1,30114,482,1,AWAYZONE,SHOT,0,48,-2,48,-2,WRIST,0,0,C,77,8478009,Ilya Sorokin,8470604,Jeff Carter,0.01956,0,1,PIT,41,-2
73410,NYI,PIT,2020,1,30114,541,1,AWAYZONE,SHOT,0,86,5,86,5,BACK,0,0,C,29,8477465,Tristan Jarry,8475754,Brock Nelson,0.12379,1,1,NYI,86,5
73411,NYI,PIT,2020,1,30114,579,1,HOMEZONE,MISS,0,-71,26,71,-26,WRIST,0,0,C,53,8478009,Ilya Sorokin,8476927,Teddy Blueger,0.0159449,0,0,PIT,-66,33
73412,NYI,PIT,2020,1,30114,653,1,HOMEZONE,MISS,0,-56,16,56,-16,SLAP,0,0,L,16,8478009,Ilya Sorokin,8475722,Jason Zucker,0.0290877,0,0,PIT,-49,19
73413,NYI,PIT,2020,1,30114,667,1,HOMEZONE,SHOT,0,-76,22,76,-22,WRIST,0,0,R,42,8478009,Ilya Sorokin,8477953,Kasperi Kapanen,0.0199555,0,1,PIT,-72,29
73414,NYI,PIT,2020,1,30114,712,1,HOMEZONE,MISS,0,-38,25,38,-25,SLAP,0,0,D,58,8478009,Ilya Sorokin,8471724,Kris Letang,0.0145368,0,0,PIT,-35,26
73415,NYI,PIT,2020,1,30114,790,1,HOMEZONE,MISS,0,-65,-7,65,7,WRIST,0,0,R,42,8478009,Ilya Sorokin,8477953,Kasperi Kapanen,0.0669285,0,0,PIT,-58,-9
73416,NYI,PIT,2020,1,30114,799,1,HOMEZONE,SHOT,0,-54,36,54,-36,WRIST,0,0,R,42,8478009,Ilya Sorokin,8477953,Kasperi Kapanen,0.00834624,0,1,PIT,-51,39
73417,NYI,PIT,2020,1,30114,889,1,Neu. Zone,MISS,0,-15,32,15,-32,SLAP,0,0,D,6,8478009,Ilya Sorokin,8478507,John Marino,0.00531616,0,0,PIT,-14,33
73418,NYI,PIT,2020,1,30114,951,1,HOMEZONE,SHOT,0,-56,-6,56,6,WRIST,0,0,C,19,8478009,Ilya Sorokin,8477955,Jared McCann,0.0232934,0,1,PIT,-48,-8
73419,NYI,PIT,2020,1,30114,980,1,AWAYZONE,SHOT,0,38,-27,38,-27,WRIST,0,0,D,24,8477465,Tristan Jarry,8476429,Scott Mayfield,0.00794163,1,1,NYI,35,-29
73420,NYI,PIT,2020,1,30114,1038,1,HOMEZONE,SHOT,0,-51,-34,51,34,WRIST,0,0,C,59,8478009,Ilya Sorokin,8477404,Jake Guentzel,0.00587978,0,1,PIT,-48,-37
73421,NYI,PIT,2020,1,30114,1049,1,AWAYZONE,MISS,0,81,-13,81,-13,WRIST,0,0,C,13,8477465,Tristan Jarry,8478445,Mathew Barzal,0.0504794,1,0,NYI,79,-16
73422,NYI,PIT,2020,1,30114,1148,1,HOMEZONE,SHOT,0,-73,0,73,0,SNAP,0,0,C,19,8478009,Ilya Sorokin,8477955,Jared McCann,0.130246,0,1,PIT,-68,-0
73423,NYI,PIT,2020,1,30114,1196,1,AWAYZONE,SHOT,0,69,-19,69,-19,WRIST,0,0,D,6,8477465,Tristan Jarry,8477506,Ryan Pulock,0.0618697,1,1,NYI,63,-25
73424,NYI,PIT,2020,1,30114,1199,1,AWAYZONE,SHOT,0,-54,-19,54,19,WRIST,0,0,C,59,8478009,Ilya Sorokin,8477404,Jake Guentzel,0.0213338,0,1,PIT,-49,-22
73425,NYI,PIT,2020,1,30114,1225,2,HOMEZONE,SHOT,0,70,-1,70,-1,WRIST,0,0,R,17,8478009,Ilya Sorokin,8475810,Bryan Rust,0.123405,0,1,PIT,64,-1
73426,NYI,PIT,2020,1,30114,1286,2,AWAYZONE,SHOT,0,-71,6,71,-6,SNAP,0,0,L,18,8477465,Tristan Jarry,8478463,Anthony Beauvillier,0.101908,1,1,NYI,-65,8
73427,NYI,PIT,2020,1,30114,1296,2,AWAYZONE,SHOT,0,-85,-17,85,17,WRIST,0,0,C,12,8477465,Tristan Jarry,8474573,Josh Bailey,0.022221,1,1,NYI,-84,-21
73428,NYI,PIT,2020,1,30114,1297,2,AWAYZONE,MISS,0,-73,7,73,-7,TIP,0,1,C,13,8477465,Tristan Jarry,8478445,Mathew Barzal,0.313476,1,0,NYI,-69,9
73429,NYI,PIT,2020,1,30114,1307,2,AWAYZONE,SHOT,0,-32,-28,32,28,WRIST,0,0,L,18,8477465,Tristan Jarry,8478463,Anthony Beauvillier,0.007955,1,1,NYI,-31,-29
73430,NYI,PIT,2020,1,30114,1315,2,AWAYZONE,SHOT,0,-83,2,83,-2,TIP,0,0,C,29,8477465,Tristan Jarry,8475754,Brock Nelson,0.157517,1,1,NYI,-83,2
73431,NYI,PIT,2020,1,30114,1370,2,HOMEZONE,SHOT,0,36,33,36,33,SLAP,0,0,D,5,8478009,Ilya Sorokin,8476875,Mike Matheson,0.00978249,0,1,PIT,36,33
73432,NYI,PIT,2020,1,30114,1387,2,HOMEZONE,SHOT,0,68,-18,68,-18,WRIST,0,0,C,12,8478009,Ilya Sorokin,8479944,Zach Aston-Reese,0.0326013,0,1,PIT,62,-23
73433,NYI,PIT,2020,1,30114,1409,2,HOMEZONE,SHOT,0,45,-24,45,-24,WRIST,0,0,D,58,8478009,Ilya Sorokin,8471724,Kris Letang,0.0100176,0,1,PIT,41,-26
73434,NYI,PIT,2020,1,30114,1433,2,HOMEZONE,MISS,0,73,-20,73,-20,WRIST,0,0,C,77,8478009,Ilya Sorokin,8470604,Jeff Carter,0.027767,0,0,PIT,68,-27
73435,NYI,PIT,2020,1,30114,1444,2,HOMEZONE,SHOT,0,44,19,44,19,WRIST,0,0,C,19,8478009,Ilya Sorokin,8477955,Jared McCann,0.012056,0,1,PIT,39,21
73436,NYI,PIT,2020,1,30114,1449,2,HOMEZONE,MISS,0,61,2,61,2,WRIST,0,0,R,42,8478009,Ilya Sorokin,8477953,Kasperi Kapanen,0.041771,0,0,PIT,53,3
73437,NYI,PIT,2020,1,30114,1484,2,HOMEZONE,MISS,0,41,-15,41,-15,SLAP,0,0,D,4,8478009,Ilya Sorokin,8476879,Cody Ceci,0.0172606,0,0,PIT,37,-16
73438,NYI,PIT,2020,1,30114,1492,2,Neu. Zone,SHOT,0,-19,18,19,-18,WRIST,0,0,C,12,8477465,Tristan Jarry,8474573,Josh Bailey,0.0068658,1,1,NYI,-17,18
73439,NYI,PIT,2020,1,30114,1538,2,HOMEZONE,SHOT,0,84,9,84,9,WRIST,0,0,C,87,8478009,Ilya Sorokin,8471675,Sidney Crosby,0.0555744,0,1,PIT,83,11
73440,NYI,PIT,2020,1,30114,1687,2,AWAYZONE,GOAL,1,-79,-6,79,6,BACK,0,0,C,12,8477465,Tristan Jarry,8474573,Josh Bailey,0.0600254,1,1,NYI,-77,-7
73441,NYI,PIT,2020,1,30114,1711,2,HOMEZONE,SHOT,0,82,-17,82,-17,BACK,0,0,L,13,8478009,Ilya Sorokin,8479293,Brandon Tanev,0.0111111,0,1,PIT,80,-22
73442,NYI,PIT,2020,1,30114,1817,2,HOMEZONE,SHOT,0,-55,39,55,-39,WRIST,0,0,C,11,8478009,Ilya Sorokin,8477919,Frederick Gaudreau,0.00409199,0,1,PIT,-52,42
73443,NYI,PIT,2020,1,30114,1841,2,HOMEZONE,MISS,0,55,18,55,18,WRIST,0,0,C,87,8478009,Ilya Sorokin,8471675,Sidney Crosby,0.016965,0,0,PIT,49,21
73444,NYI,PIT,2020,1,30114,1869,2,HOMEZONE,SHOT,0,29,-28,29,-28,WRIST,0,0,D,58,8478009,Ilya Sorokin,8471724,Kris Letang,0.00943849,0,1,PIT,28,-28
73445,NYI,PIT,2020,1,30114,1952,2,HOMEZONE,SHOT,0,83,-10,83,-10,WRIST,0,0,C,53,8478009,Ilya Sorokin,8476927,Teddy Blueger,0.0615546,0,1,PIT,82,-12
73446,NYI,PIT,2020,1,30114,2052,2,AWAYZONE,MISS,0,-85,7,85,-7,WRAP,0,0,C,13,8477465,Tristan Jarry,8478445,Mathew Barzal,0.0496479,1,0,NYI,-85,7
73447,NYI,PIT,2020,1,30114,2089,2,AWAYZONE,SHOT,0,-81,22,81,-22,WRIST,0,0,R,26,8477465,Tristan Jarry,8480789,Oliver Wahlstrom,0.0141439,1,1,NYI,-79,28
73448,NYI,PIT,2020,1,30114,2091,2,AWAYZONE,GOAL,1,-66,-6,66,6,SNAP,0,1,D,6,8477465,Tristan Jarry,8477506,Ryan Pulock,0.27813,1,1,NYI,-59,-8
73449,NYI,PIT,2020,1,30114,2135,2,HOMEZONE,SHOT,0,48,-25,48,-25,WRIST,0,0,C,59,8478009,Ilya Sorokin,8477404,Jake Guentzel,0.0181659,0,1,PIT,44,-28
73450,NYI,PIT,2020,1,30114,2208,2,HOMEZONE,SHOT,0,37,6,37,6,WRIST,0,0,D,5,8478009,Ilya Sorokin,8476875,Mike Matheson,0.0399294,0,1,PIT,33,6
73451,NYI,PIT,2020,1,30114,2399,2,AWAYZONE,SHOT,0,-55,-20,55,20,WRIST,0,0,R,26,8477465,Tristan Jarry,8480789,Oliver Wahlstrom,0.0201772,1,1,NYI,-50,-23
73452,NYI,PIT,2020,1,30114,2442,3,HOMEZONE,MISS,0,-88,-18,88,18,BACK,0,0,R,42,8478009,Ilya Sorokin,8477953,Kasperi Kapanen,0.0121462,0,0,PIT,-88,-24
73453,NYI,PIT,2020,1,30114,2490,3,HOMEZONE,SHOT,0,-83,-16,83,16,BACK,0,0,C,77,8478009,Ilya Sorokin,8470604,Jeff Carter,0.0126077,0,1,PIT,-81,-21
73454,NYI,PIT,2020,1,30114,2510,3,HOMEZONE,SHOT,0,-43,-27,43,27,WRIST,0,0,D,28,8478009,Ilya Sorokin,8477969,Marcus Pettersson,0.028828,0,1,PIT,-40,-29
73455,NYI,PIT,2020,1,30114,2596,3,AWAYZONE,SHOT,0,37,-25,37,-25,WRIST,0,0,D,3,8477465,Tristan Jarry,8476917,Adam Pelech,0.0114736,1,1,NYI,34,-26
73456,NYI,PIT,2020,1,30114,2623,3,AWAYZONE,SHOT,0,82,9,82,9,WRIST,0,0,C,47,8477465,Tristan Jarry,8473463,Leo Komarov,0.0646356,1,1,NYI,81,10
73457,NYI,PIT,2020,1,30114,2710,3,HOMEZONE,MISS,0,-41,8,41,-8,WRIST,0,0,D,58,8478009,Ilya Sorokin,8471724,Kris Letang,0.0152723,0,0,PIT,-36,9
73458,NYI,PIT,2020,1,30114,2764,3,AWAYZONE,GOAL,1,75,9,75,9,BACK,0,0,R,26,8477465,Tristan Jarry,8480789,Oliver Wahlstrom,0.0456839,1,1,NYI,70,12
73459,NYI,PIT,2020,1,30114,2788,3,AWAYZONE,GOAL,1,81,-7,81,-7,WRIST,0,0,C,7,8477465,Tristan Jarry,8474586,Jordan Eberle,0.128453,1,1,NYI,79,-9
73460,NYI,PIT,2020,1,30114,2804,3,HOMEZONE,SHOT,0,-88,7,88,-7,WRAP,0,0,C,59,8478009,Ilya Sorokin,8477404,Jake Guentzel,0.0422693,0,1,PIT,-88,7
73461,NYI,PIT,2020,1,30114,2832,3,AWAYZONE,MISS,0,75,-6,75,-6,TIP,0,0,L,18,8477465,Tristan Jarry,8478463,Anthony Beauvillier,0.0673385,1,0,NYI,72,-7
73462,NYI,PIT,2020,1,30114,2833,3,AWAYZONE,SHOT,0,87,-4,87,-4,TIP,0,1,L,18,8477465,Tristan Jarry,8478463,Anthony Beauvillier,0.338446,1,1,NYI,87,-4
73463,NYI,PIT,2020,1,30114,2896,3,HOMEZONE,SHOT,0,-86,-15,86,15,BACK,0,0,D,58,8478009,Ilya Sorokin,8471724,Kris Letang,0.0136009,0,1,PIT,-85,-19
73464,NYI,PIT,2020,1,30114,2936,3,HOMEZONE,SHOT,0,-63,2,63,-2,WRIST,0,0,C,59,8478009,Ilya Sorokin,8477404,Jake Guentzel,0.0501983,0,1,PIT,-55,3
73465,NYI,PIT,2020,1,30114,2949,3,HOMEZONE,MISS,0,-48,-25,48,25,WRIST,0,0,D,6,8478009,Ilya Sorokin,8478507,John Marino,0.00795878,0,0,PIT,-44,-28
73466,NYI,PIT,2020,1,30114,2966,3,AWAYZONE,SHOT,0,78,-12,78,-12,BACK,0,0,L,18,8477465,Tristan Jarry,8478463,Anthony Beauvillier,0.0223438,1,1,NYI,75,-15
73467,NYI,PIT,2020,1,30114,2969,3,AWAYZONE,SHOT,0,33,22,33,22,WRIST,0,1,D,3,8477465,Tristan Jarry,8476917,Adam Pelech,0.0268797,1,1,NYI,31,23
73468,NYI,PIT,2020,1,30114,3050,3,AWAYZONE,MISS,0,44,20,44,20,WRIST,0,0,C,21,8477465,Tristan Jarry,8475151,Kyle Palmieri,0.0110418,1,0,NYI,40,22
73469,NYI,PIT,2020,1,30114,3145,3,HOMEZONE,MISS,0,-60,2,60,-2,WRIST,0,0,C,53,8478009,Ilya Sorokin,8476927,Teddy Blueger,0.0639666,0,0,PIT,-52,3
73470,NYI,PIT,2020,1,30114,3191,3,AWAYZONE,SHOT,0,87,7,87,7,BACK,0,0,C,7,8477465,Tristan Jarry,8474586,Jordan Eberle,0.0665734,1,1,NYI,87,7
73471,NYI,PIT,2020,1,30114,3213,3,AWAYZONE,SHOT,0,74,2,74,2,WRIST,0,0,C,13,8477465,Tristan Jarry,8478445,Mathew Barzal,0.0961058,1,1,NYI,70,3
73472,NYI,PIT,2020,1,30114,3236,3,HOMEZONE,SHOT,0,-42,-35,42,35,WRIST,0,0,C,11,8478009,Ilya Sorokin,8477919,Frederick Gaudreau,0.0182302,0,1,PIT,-40,-36
73473,NYI,PIT,2020,1,30114,3310,3,HOMEZONE,MISS,0,-86,-15,86,15,WRIST,0,0,R,17,8478009,Ilya Sorokin,8475810,Bryan Rust,0.0329899,0,0,PIT,-85,-19
73474,NYI,PIT,2020,1,30114,3326,3,HOMEZONE,SHOT,0,-55,-15,55,15,WRIST,0,0,C,59,8478009,Ilya Sorokin,8477404,Jake Guentzel,0.0185494,0,1,PIT,-49,-18
73475,NYI,PIT,2020,1,30114,3342,3,AWAYZONE,SHOT,0,45,12,45,12,SLAP,0,0,D,6,8477465,Tristan Jarry,8477506,Ryan Pulock,0.0367309,1,1,NYI,39,14
73476,NYI,PIT,2020,1,30114,3381,3,AWAYZONE,MISS,0,69,1,69,1,WRIST,0,0,C,13,8477465,Tristan Jarry,8478445,Mathew Barzal,0.0954994,1,0,NYI,63,1
73477,NYI,PIT,2020,1,30114,3445,3,HOMEZONE,GOAL,1,-83,2,83,-2,WRIST,0,0,C,12,8478009,Ilya Sorokin,8479944,Zach Aston-Reese,0.318915,0,1,PIT,-83,2
73478,NYI,PIT,2020,1,30114,3495,3,HOMEZONE,SHOT,0,-69,-10,69,10,WRIST,0,0,R,17,8478009,Ilya Sorokin,8475810,Bryan Rust,0.0545877,0,1,PIT,-64,-13
73479,NYI,PIT,2020,1,30114,3510,3,HOMEZONE,SHOT,0,-76,-35,76,35,WRIST,0,0,C,87,8478009,Ilya Sorokin,8471675,Sidney Crosby,0.0079305,0,1,PIT,-74,-41
73480,NYI,PIT,2020,1,30114,3517,3,HOMEZONE,MISS,0,-71,8,71,-8,WRIST,0,0,R,17,8478009,Ilya Sorokin,8475810,Bryan Rust,0.0538313,0,0,PIT,-65,11
73481,NYI,PIT,2020,1,30114,3572,3,HOMEZONE,MISS,0,-43,25,43,-25,WRIST,0,0,D,6,8478009,Ilya Sorokin,8478507,John Marino,0.00882798,0,0,PIT,-40,27
74080,PIT,NYI,2020,1,30115,70,1,AWAYZONE,MISS,0,55,28,55,28,WRIST,0,0,R,42,8478009,Ilya Sorokin,8477953,Kasperi Kapanen,0.0129527,1,0,PIT,53,30
74081,PIT,NYI,2020,1,30115,142,1,HOMEZONE,SHOT,0,-35,-2,35,2,WRIST,0,0,C,44,8477465,Tristan Jarry,8476419,Jean-Gabriel Pageau,0.0135494,0,1,NYI,-33,-2
74082,PIT,NYI,2020,1,30115,190,1,AWAYZONE,SHOT,0,62,25,62,25,WRIST,0,0,D,8,8478009,Ilya Sorokin,8475208,Brian Dumoulin,0.017631,1,1,PIT,60,27
74083,PIT,NYI,2020,1,30115,195,1,AWAYZONE,SHOT,0,78,1,78,1,WRIST,0,0,C,53,8478009,Ilya Sorokin,8476927,Teddy Blueger,0.116025,1,1,PIT,77,1
74084,PIT,NYI,2020,1,30115,196,1,AWAYZONE,SHOT,0,86,8,86,8,BACK,0,1,L,13,8478009,Ilya Sorokin,8479293,Brandon Tanev,0.214835,1,1,PIT,86,8
74085,PIT,NYI,2020,1,30115,308,1,AWAYZONE,SHOT,0,65,7,65,7,TIP,0,0,L,16,8478009,Ilya Sorokin,8475722,Jason Zucker,0.0549256,1,1,PIT,63,8
74086,PIT,NYI,2020,1,30115,339,1,AWAYZONE,SHOT,0,64,-4,64,-4,BACK,0,0,C,11,8478009,Ilya Sorokin,8477919,Frederick Gaudreau,0.036163,1,1,PIT,62,-4
74087,PIT,NYI,2020,1,30115,345,1,HOMEZONE,SHOT,0,-76,13,76,-13,WRIST,0,0,R,26,8477465,Tristan Jarry,8480789,Oliver Wahlstrom,0.0891208,0,1,NYI,-75,14
74088,PIT,NYI,2020,1,30115,397,1,AWAYZONE,SHOT,0,77,2,77,2,WRIST,0,0,R,17,8478009,Ilya Sorokin,8475810,Bryan Rust,0.141431,1,1,PIT,76,2
74089,PIT,NYI,2020,1,30115,417,1,AWAYZONE,MISS,0,76,-3,76,-3,BACK,0,0,R,17,8478009,Ilya Sorokin,8475810,Bryan Rust,0.113589,1,0,PIT,74,-3
74090,PIT,NYI,2020,1,30115,425,1,AWAYZONE,MISS,0,76,-28,76,-28,WRIST,0,0,D,28,8478009,Ilya Sorokin,8477969,Marcus Pettersson,0.0171463,1,0,PIT,75,-30
74091,PIT,NYI,2020,1,30115,439,1,AWAYZONE,SHOT,0,48,-15,48,-15,WRIST,0,0,C,59,8478009,Ilya Sorokin,8477404,Jake Guentzel,0.0181853,1,1,PIT,45,-16
74092,PIT,NYI,2020,1,30115,500,1,AWAYZONE,GOAL,1,63,16,63,16,SNAP,0,0,C,71,8478009,Ilya Sorokin,8471215,Evgeni Malkin,0.0768014,1,1,PIT,61,17
74093,PIT,NYI,2020,1,30115,517,1,HOMEZONE,SHOT,0,-49,-1,49,1,WRIST,0,0,C,21,8477465,Tristan Jarry,8475151,Kyle Palmieri,0.0396873,0,1,NYI,-46,-1
74094,PIT,NYI,2020,1,30115,733,1,HOMEZONE,SHOT,0,-34,-10,34,10,WRIST,0,0,L,17,8477465,Tristan Jarry,8474709,Matt Martin,0.0123089,0,1,NYI,-33,-10
74095,PIT,NYI,2020,1,30115,748,1,AWAYZONE,SHOT,0,48,9,48,9,WRIST,0,0,C,11,8478009,Ilya Sorokin,8477919,Frederick Gaudreau,0.019345,1,1,PIT,45,10
74096,PIT,NYI,2020,1,30115,769,1,AWAYZONE,SHOT,0,54,12,54,12,SNAP,0,0,C,87,8478009,Ilya Sorokin,8471675,Sidney Crosby,0.0381076,1,1,PIT,51,13
74097,PIT,NYI,2020,1,30115,794,1,HOMEZONE,SHOT,0,-43,29,43,-29,WRIST,0,0,D,24,8477465,Tristan Jarry,8476429,Scott Mayfield,0.00727458,0,1,NYI,-42,30
74098,PIT,NYI,2020,1,30115,824,1,AWAYZONE,SHOT,0,65,7,65,7,WRIST,0,0,C,53,8478009,Ilya Sorokin,8476927,Teddy Blueger,0.0688887,1,1,PIT,63,8
74099,PIT,NYI,2020,1,30115,966,1,AWAYZONE,SHOT,0,46,-18,46,-18,WRIST,0,0,C,11,8478009,Ilya Sorokin,8477919,Frederick Gaudreau,0.017044,1,1,PIT,44,-19
74100,PIT,NYI,2020,1,30115,992,1,AWAYZONE,MISS,0,39,23,39,23,WRIST,0,0,D,8,8478009,Ilya Sorokin,8475208,Brian Dumoulin,0.0113316,1,0,PIT,38,23
74101,PIT,NYI,2020,1,30115,1045,1,HOMEZONE,SHOT,0,-36,21,36,-21,WRIST,0,0,C,12,8477465,Tristan Jarry,8474573,Josh Bailey,0.00781754,0,1,NYI,-35,21
74102,PIT,NYI,2020,1,30115,1102,1,Neu. Zone,SHOT,0,-22,-35,22,35,WRIST,0,0,C,44,8477465,Tristan Jarry,8476419,Jean-Gabriel Pageau,0.00619295,0,1,NYI,-23,-34
74103,PIT,NYI,2020,1,30115,1116,1,HOMEZONE,SHOT,0,-88,-6,88,6,WRAP,0,0,R,26,8477465,Tristan Jarry,8480789,Oliver Wahlstrom,0.04578,0,1,NYI,-88,-6
74104,PIT,NYI,2020,1,30115,1145,1,HOMEZONE,GOAL,1,-77,-5,77,5,WRIST,0,0,L,18,8477465,Tristan Jarry,8478463,Anthony Beauvillier,0.0902207,0,1,NYI,-75,-6
74105,PIT,NYI,2020,1,30115,1171,1,HOMEZONE,SHOT,0,-61,-9,61,9,WRIST,0,0,C,53,8477465,Tristan Jarry,8475231,Casey Cizikas,0.0504633,0,1,NYI,-59,-9
74106,PIT,NYI,2020,1,30115,1214,2,AWAYZONE,SHOT,0,-70,-13,70,13,WRIST,0,0,C,87,8478009,Ilya Sorokin,8471675,Sidney Crosby,0.0543641,1,1,PIT,-68,-14
74107,PIT,NYI,2020,1,30115,1261,2,AWAYZONE,SHOT,0,-77,-5,77,5,WRIST,0,0,L,13,8478009,Ilya Sorokin,8479293,Brandon Tanev,0.113577,1,1,PIT,-75,-6
74108,PIT,NYI,2020,1,30115,1296,2,AWAYZONE,SHOT,0,-57,-34,57,34,WRIST,0,0,L,16,8478009,Ilya Sorokin,8475722,Jason Zucker,0.00767015,1,1,PIT,-55,-36
74109,PIT,NYI,2020,1,30115,1355,2,HOMEZONE,SHOT,0,35,-29,35,-29,SLAP,0,0,D,6,8477465,Tristan Jarry,8477506,Ryan Pulock,0.010731,0,1,NYI,34,-29
74110,PIT,NYI,2020,1,30115,1374,2,AWAYZONE,SHOT,0,-43,-21,43,21,WRIST,0,0,C,19,8478009,Ilya Sorokin,8477955,Jared McCann,0.00997961,1,1,PIT,-41,-22
74111,PIT,NYI,2020,1,30115,1576,2,AWAYZONE,SHOT,0,-60,-16,60,16,WRIST,0,0,C,77,8478009,Ilya Sorokin,8470604,Jeff Carter,0.0342603,1,1,PIT,-58,-17
74112,PIT,NYI,2020,1,30115,1606,2,HOMEZONE,MISS,0,76,24,76,24,WRIST,0,0,D,6,8477465,Tristan Jarry,8477506,Ryan Pulock,0.0278788,0,0,NYI,75,25
74113,PIT,NYI,2020,1,30115,1626,2,AWAYZONE,SHOT,0,-62,16,62,-16,WRIST,0,0,R,17,8478009,Ilya Sorokin,8475810,Bryan Rust,0.049326,1,1,PIT,-61,17
74114,PIT,NYI,2020,1,30115,1638,2,AWAYZONE,MISS,0,-48,-12,48,12,WRIST,0,0,D,5,8478009,Ilya Sorokin,8476875,Mike Matheson,0.0226268,1,0,PIT,-45,-13
74115,PIT,NYI,2020,1,30115,1645,2,AWAYZONE,SHOT,0,-53,0,53,0,WRIST,0,0,R,17,8478009,Ilya Sorokin,8475810,Bryan Rust,0.0272869,1,1,PIT,-50,-0
74116,PIT,NYI,2020,1,30115,1657,2,AWAYZONE,GOAL,1,-41,29,41,-29,SLAP,0,0,R,17,8478009,Ilya Sorokin,8475810,Bryan Rust,0.0140972,1,1,PIT,-40,29
74117,PIT,NYI,2020,1,30115,1823,2,AWAYZONE,SHOT,0,-37,20,37,-20,SLAP,0,0,C,71,8478009,Ilya Sorokin,8471215,Evgeni Malkin,0.029502,1,1,PIT,-36,20
74118,PIT,NYI,2020,1,30115,1825,2,AWAYZONE,SHOT,0,-79,9,79,-9,BACK,0,1,C,59,8478009,Ilya Sorokin,8477404,Jake Guentzel,0.123827,1,1,PIT,-78,10
74119,PIT,NYI,2020,1,30115,1882,2,AWAYZONE,SHOT,0,-81,-15,81,15,WRIST,0,0,C,59,8478009,Ilya Sorokin,8477404,Jake Guentzel,0.0663377,1,1,PIT,-80,-17
74120,PIT,NYI,2020,1,30115,1884,2,AWAYZONE,SHOT,0,-84,-7,84,7,WRIST,0,1,C,59,8478009,Ilya Sorokin,8477404,Jake Guentzel,0.214299,1,1,PIT,-84,-7
74121,PIT,NYI,2020,1,30115,1971,2,AWAYZONE,SHOT,0,-43,-30,43,30,WRIST,0,0,L,16,8478009,Ilya Sorokin,8475722,Jason Zucker,0.00837551,1,1,PIT,-42,-31
74122,PIT,NYI,2020,1,30115,1977,2,AWAYZONE,SHOT,0,-53,-30,53,30,WRIST,0,0,D,5,8478009,Ilya Sorokin,8476875,Mike Matheson,0.0104046,1,1,PIT,-51,-31
74123,PIT,NYI,2020,1,30115,2004,2,AWAYZONE,MISS,0,-57,16,57,-16,WRIST,0,0,R,17,8478009,Ilya Sorokin,8475810,Bryan Rust,0.0254154,1,0,PIT,-54,17
74124,PIT,NYI,2020,1,30115,2076,2,AWAYZONE,SHOT,0,-61,18,61,-18,BACK,0,0,C,12,8478009,Ilya Sorokin,8479944,Zach Aston-Reese,0.017416,1,1,PIT,-60,19
74125,PIT,NYI,2020,1,30115,2078,2,AWAYZONE,SHOT,0,-87,-7,87,7,WRAP,0,1,R,42,8478009,Ilya Sorokin,8477953,Kasperi Kapanen,0.225626,1,1,PIT,-87,-7
74126,PIT,NYI,2020,1,30115,2094,2,AWAYZONE,SHOT,0,-35,-27,35,27,WRIST,0,0,D,5,8478009,Ilya Sorokin,8476875,Mike Matheson,0.0091082,1,1,PIT,-34,-27
74127,PIT,NYI,2020,1,30115,2148,2,AWAYZONE,MISS,0,-65,-16,65,16,WRIST,0,0,L,16,8478009,Ilya Sorokin,8475722,Jason Zucker,0.0472421,1,0,PIT,-63,-17
74128,PIT,NYI,2020,1,30115,2180,2,AWAYZONE,MISS,0,-38,-19,38,19,SLAP,0,0,D,28,8478009,Ilya Sorokin,8477969,Marcus Pettersson,0.0245896,1,0,PIT,-37,-20
74129,PIT,NYI,2020,1,30115,2189,2,AWAYZONE,SHOT,0,-32,-26,32,26,BACK,0,0,C,19,8478009,Ilya Sorokin,8477955,Jared McCann,0.0103649,1,1,PIT,-31,-27
74130,PIT,NYI,2020,1,30115,2207,2,HOMEZONE,SHOT,0,55,-13,55,-13,WRIST,0,0,C,13,8477465,Tristan Jarry,8478445,Mathew Barzal,0.0341681,0,1,NYI,53,-14
74131,PIT,NYI,2020,1,30115,2218,2,AWAYZONE,SHOT,0,-72,7,72,-7,WRIST,0,0,C,59,8478009,Ilya Sorokin,8477404,Jake Guentzel,0.0983361,1,1,PIT,-71,8
74132,PIT,NYI,2020,1,30115,2226,2,AWAYZONE,SHOT,0,-76,-3,76,3,TIP,0,0,C,87,8478009,Ilya Sorokin,8471675,Sidney Crosby,0.0740254,1,1,PIT,-74,-3
74133,PIT,NYI,2020,1,30115,2261,2,HOMEZONE,SHOT,0,41,-18,41,-18,SNAP,0,0,D,6,8477465,Tristan Jarry,8477506,Ryan Pulock,0.0152501,0,1,NYI,39,-19
74134,PIT,NYI,2020,1,30115,2281,2,HOMEZONE,SHOT,0,92,8,92,8,WRIST,0,0,D,6,8477465,Tristan Jarry,8477506,Ryan Pulock,0.01,0,1,NYI,92,8
74135,PIT,NYI,2020,1,30115,2399,2,HOMEZONE,MISS,0,60,1,60,1,SLAP,0,0,D,2,8477465,Tristan Jarry,8475181,Nick Leddy,0.0583414,0,0,NYI,58,1
74136,PIT,NYI,2020,1,30115,2480,3,AWAYZONE,SHOT,0,71,-14,71,-14,BACK,0,0,D,5,8478009,Ilya Sorokin,8476875,Mike Matheson,0.0213556,1,1,PIT,69,-15
74137,PIT,NYI,2020,1,30115,2493,3,AWAYZONE,SHOT,0,35,23,35,23,SLAP,0,0,D,28,8478009,Ilya Sorokin,8477969,Marcus Pettersson,0.0127477,1,1,PIT,34,24
74138,PIT,NYI,2020,1,30115,2498,3,AWAYZONE,MISS,0,44,32,44,32,SLAP,0,0,D,28,8478009,Ilya Sorokin,8477969,Marcus Pettersson,0.0255849,1,0,PIT,43,32
74139,PIT,NYI,2020,1,30115,2523,3,AWAYZONE,MISS,0,72,4,72,4,WRIST,0,0,C,77,8478009,Ilya Sorokin,8470604,Jeff Carter,0.101342,1,0,PIT,71,4
74140,PIT,NYI,2020,1,30115,2685,3,AWAYZONE,SHOT,0,35,19,35,19,WRIST,0,0,D,28,8478009,Ilya Sorokin,8477969,Marcus Pettersson,0.0138488,1,1,PIT,34,19
74141,PIT,NYI,2020,1,30115,2703,3,AWAYZONE,MISS,0,68,-13,68,-13,WRIST,0,0,C,77,8478009,Ilya Sorokin,8470604,Jeff Carter,0.0767952,1,0,PIT,66,-14
74142,PIT,NYI,2020,1,30115,2721,3,AWAYZONE,SHOT,0,40,-15,40,-15,SNAP,0,0,D,5,8478009,Ilya Sorokin,8476875,Mike Matheson,0.0162316,1,1,PIT,38,-16
74143,PIT,NYI,2020,1,30115,2734,3,AWAYZONE,MISS,0,66,18,66,18,WRIST,0,0,C,59,8478009,Ilya Sorokin,8477404,Jake Guentzel,0.0340937,1,0,PIT,65,19
74144,PIT,NYI,2020,1,30115,2889,3,AWAYZONE,SHOT,0,42,20,42,20,WRIST,0,0,D,8,8478009,Ilya Sorokin,8475208,Brian Dumoulin,0.0100997,1,1,PIT,40,21
74145,PIT,NYI,2020,1,30115,2930,3,HOMEZONE,GOAL,1,-79,14,79,-14,WRIST,0,0,C,7,8477465,Tristan Jarry,8474586,Jordan Eberle,0.0829041,0,1,NYI,-78,15
74146,PIT,NYI,2020,1,30115,2946,3,AWAYZONE,SHOT,0,35,-21,35,-21,SLAP,0,0,D,4,8478009,Ilya Sorokin,8476879,Cody Ceci,0.0152773,1,1,PIT,34,-21
74147,PIT,NYI,2020,1,30115,2987,3,AWAYZONE,SHOT,0,75,1,75,1,WRIST,0,0,C,71,8478009,Ilya Sorokin,8471215,Evgeni Malkin,0.144553,1,1,PIT,74,1
74148,PIT,NYI,2020,1,30115,3003,3,AWAYZONE,MISS,0,69,-35,69,-35,WRIST,0,0,D,58,8478009,Ilya Sorokin,8471724,Kris Letang,0.00703102,1,0,PIT,68,-37
74149,PIT,NYI,2020,1,30115,3056,3,AWAYZONE,SHOT,0,80,6,80,6,WRIST,0,0,C,77,8478009,Ilya Sorokin,8470604,Jeff Carter,0.0987023,1,1,PIT,79,7
74150,PIT,NYI,2020,1,30115,3094,3,HOMEZONE,SHOT,0,-83,-13,83,13,BACK,0,0,C,44,8477465,Tristan Jarry,8476419,Jean-Gabriel Pageau,0.02324,0,1,NYI,-83,-14
74151,PIT,NYI,2020,1,30115,3100,3,HOMEZONE,SHOT,0,-79,11,79,-11,WRIST,0,0,C,21,8477465,Tristan Jarry,8475151,Kyle Palmieri,0.0646887,0,1,NYI,-78,12
74152,PIT,NYI,2020,1,30115,3106,3,HOMEZONE,SHOT,0,-37,0,37,0,SNAP,0,0,D,24,8477465,Tristan Jarry,8476429,Scott Mayfield,0.0237483,0,1,NYI,-35,-0
74153,PIT,NYI,2020,1,30115,3110,3,HOMEZONE,SHOT,0,-80,-11,80,11,WRIST,0,0,R,26,8477465,Tristan Jarry,8480789,Oliver Wahlstrom,0.0750803,0,1,NYI,-80,-12
74154,PIT,NYI,2020,1,30115,3210,3,AWAYZONE,MISS,0,68,-33,68,-33,WRIST,0,0,C,77,8478009,Ilya Sorokin,8470604,Jeff Carter,0.00822333,1,0,PIT,66,-35
74155,PIT,NYI,2020,1,30115,3283,3,HOMEZONE,SHOT,0,-79,4,79,-4,WRIST,0,0,L,18,8477465,Tristan Jarry,8478463,Anthony Beauvillier,0.013353,0,1,NYI,-78,4
74156,PIT,NYI,2020,1,30115,3505,3,AWAYZONE,SHOT,0,79,21,79,21,WRIST,0,0,R,17,8478009,Ilya Sorokin,8475810,Bryan Rust,0.0655354,1,1,PIT,78,23
74157,PIT,NYI,2020,1,30115,3673,4,AWAYZONE,MISS,0,-72,-2,72,2,SNAP,0,0,L,13,8478009,Ilya Sorokin,8479293,Brandon Tanev,0.119616,1,0,PIT,-70,-2
74158,PIT,NYI,2020,1,30115,3690,4,HOMEZONE,SHOT,0,39,2,39,2,WRIST,0,0,L,18,8477465,Tristan Jarry,8478463,Anthony Beauvillier,0.0133187,0,1,NYI,37,2
74159,PIT,NYI,2020,1,30115,3734,4,AWAYZONE,SHOT,0,-73,14,73,-14,WRIST,0,0,C,11,8478009,Ilya Sorokin,8477919,Frederick Gaudreau,0.0456988,1,1,PIT,-72,15
74160,PIT,NYI,2020,1,30115,3772,4,AWAYZONE,SHOT,0,-42,-16,42,16,WRIST,0,0,D,5,8478009,Ilya Sorokin,8476875,Mike Matheson,0.00953401,1,1,PIT,-40,-17
74161,PIT,NYI,2020,1,30115,3789,4,HOMEZONE,MISS,0,61,13,61,13,WRIST,0,0,C,44,8477465,Tristan Jarry,8476419,Jean-Gabriel Pageau,0.0452143,0,0,NYI,59,14
74162,PIT,NYI,2020,1,30115,3880,4,HOMEZONE,SHOT,0,52,8,52,8,SNAP,0,0,L,18,8477465,Tristan Jarry,8478463,Anthony Beauvillier,0.0352321,0,1,NYI,49,9
74163,PIT,NYI,2020,1,30115,3904,4,Neu. Zone,SHOT,0,-23,-13,23,13,WRIST,0,0,C,11,8478009,Ilya Sorokin,8477919,Frederick Gaudreau,0.00919745,1,1,PIT,-24,-13
74164,PIT,NYI,2020,1,30115,3921,4,HOMEZONE,SHOT,0,88,-9,88,-9,WRIST,0,0,C,13,8477465,Tristan Jarry,8478445,Mathew Barzal,0.0758209,0,1,NYI,88,-9
74165,PIT,NYI,2020,1,30115,3993,4,HOMEZONE,MISS,0,57,-13,57,-13,SNAP,0,0,C,13,8477465,Tristan Jarry,8478445,Mathew Barzal,0.0582811,0,0,NYI,54,-14
74166,PIT,NYI,2020,1,30115,4062,4,AWAYZONE,MISS,0,-38,-13,38,13,WRIST,0,0,L,16,8478009,Ilya Sorokin,8475722,Jason Zucker,0.0140639,1,0,PIT,-37,-13
74167,PIT,NYI,2020,1,30115,4067,4,AWAYZONE,MISS,0,-34,28,34,-28,SLAP,0,0,D,6,8478009,Ilya Sorokin,8478507,John Marino,0.0127323,1,0,PIT,-34,28
74168,PIT,NYI,2020,1,30115,4101,4,AWAYZONE,MISS,0,-39,-11,39,11,SLAP,0,0,D,28,8478009,Ilya Sorokin,8477969,Marcus Pettersson,0.020775,1,0,PIT,-37,-11
74169,PIT,NYI,2020,1,30115,4119,4,AWAYZONE,SHOT,0,-65,-1,65,1,TIP,0,0,C,11,8478009,Ilya Sorokin,8477919,Frederick Gaudreau,0.0738203,1,1,PIT,-63,-1
74170,PIT,NYI,2020,1,30115,4120,4,AWAYZONE,SHOT,0,-58,-9,58,9,WRIST,0,0,C,12,8477465,Tristan Jarry,8474573,Josh Bailey,0.0868906,0,1,NYI,-56,-9
74171,PIT,NYI,2020,1,30115,4175,4,HOMEZONE,SHOT,0,50,-16,50,-16,WRIST,0,0,C,7,8477465,Tristan Jarry,8474586,Jordan Eberle,0.0195933,0,1,NYI,47,-17
74172,PIT,NYI,2020,1,30115,4186,4,AWAYZONE,MISS,0,-60,19,60,-19,WRIST,0,0,R,17,8478009,Ilya Sorokin,8475810,Bryan Rust,0.0289941,1,0,PIT,-57,21
74173,PIT,NYI,2020,1,30115,4310,4,HOMEZONE,SHOT,0,80,-23,80,-23,BACK,0,0,C,53,8477465,Tristan Jarry,8475231,Casey Cizikas,0.0092032,0,1,NYI,79,-25
74174,PIT,NYI,2020,1,30115,4332,4,AWAYZONE,SHOT,0,-50,-34,50,34,WRIST,0,0,C,19,8478009,Ilya Sorokin,8477955,Jared McCann,0.0209273,1,1,PIT,-48,-35
74175,PIT,NYI,2020,1,30115,4518,4,AWAYZONE,MISS,0,-73,3,73,-3,TIP,0,0,C,71,8478009,Ilya Sorokin,8471215,Evgeni Malkin,0.0757868,1,0,PIT,-71,3
74176,PIT,NYI,2020,1,30115,4539,4,AWAYZONE,SHOT,0,-47,17,47,-17,SLAP,0,0,D,58,8478009,Ilya Sorokin,8471724,Kris Letang,0.0235468,1,1,PIT,-45,18
74177,PIT,NYI,2020,1,30115,4546,4,AWAYZONE,MISS,0,-40,21,40,-21,WRIST,0,0,D,58,8478009,Ilya Sorokin,8471724,Kris Letang,0.0121605,1,0,PIT,-39,21
74178,PIT,NYI,2020,1,30115,4572,4,AWAYZONE,MISS,0,-65,-13,65,13,SNAP,0,0,R,17,8478009,Ilya Sorokin,8475810,Bryan Rust,0.0711563,1,0,PIT,-64,-14
74179,PIT,NYI,2020,1,30115,4645,4,HOMEZONE,MISS,0,43,-13,43,-13,WRIST,0,0,L,18,8477465,Tristan Jarry,8478463,Anthony Beauvillier,0.0170766,0,0,NYI,41,-14
74180,PIT,NYI,2020,1,30115,4693,4,HOMEZONE,SHOT,0,66,-12,66,-12,WRIST,0,0,C,7,8477465,Tristan Jarry,8474586,Jordan Eberle,0.073257,0,1,NYI,64,-13
74181,PIT,NYI,2020,1,30115,4743,4,AWAYZONE,SHOT,0,-45,-8,45,8,WRIST,0,0,C,71,8478009,Ilya Sorokin,8471215,Evgeni Malkin,0.0165254,1,1,PIT,-42,-9
74182,PIT,NYI,2020,1,30115,4766,4,HOMEZONE,MISS,0,37,-17,37,-17,SLAP,0,0,D,6,8477465,Tristan Jarry,8477506,Ryan Pulock,0.0158896,0,0,NYI,36,-17
74183,PIT,NYI,2020,1,30115,4782,4,AWAYZONE,SHOT,0,-60,-32,60,32,WRIST,0,0,D,5,8478009,Ilya Sorokin,8476875,Mike Matheson,0.0102831,1,1,PIT,-58,-34
74184,PIT,NYI,2020,1,30115,4838,5,Neu. Zone,SHOT,0,10,-29,10,-29,WRIST,0,0,R,17,8478009,Ilya Sorokin,8475810,Bryan Rust,0.0041902,1,1,PIT,9,-29
74185,PIT,NYI,2020,1,30115,4851,5,HOMEZONE,GOAL,1,-50,4,50,-4,WRIST,0,0,C,12,8477465,Tristan Jarry,8474573,Josh Bailey,0.0699996,0,1,NYI,-47,4
74728,NYI,PIT,2020,1,30116,63,1,AWAYZONE,MISS,0,67,-12,67,-12,WRIST,0,0,C,13,8477465,Tristan Jarry,8478445,Mathew Barzal,0.0457348,1,0,NYI,61,-15
74729,NYI,PIT,2020,1,30116,87,1,HOMEZONE,GOAL,1,-76,1,76,-1,WRIST,0,0,C,77,8478009,Ilya Sorokin,8470604,Jeff Carter,0.279617,0,1,PIT,-73,1
74730,NYI,PIT,2020,1,30116,300,1,Neu. Zone,SHOT,0,-21,-1,21,1,BACK,0,0,C,11,8478009,Ilya Sorokin,8477919,Frederick Gaudreau,0.0059534,0,1,PIT,-19,-1
74731,NYI,PIT,2020,1,30116,306,1,HOMEZONE,SHOT,0,-32,21,32,-21,WRIST,0,0,D,6,8478009,Ilya Sorokin,8478507,John Marino,0.0091908,0,1,PIT,-30,22
74732,NYI,PIT,2020,1,30116,316,1,AWAYZONE,GOAL,1,68,-10,68,-10,BACK,0,0,L,18,8477465,Tristan Jarry,8478463,Anthony Beauvillier,0.029223,1,1,NYI,62,-13
74733,NYI,PIT,2020,1,30116,476,1,HOMEZONE,SHOT,0,-77,25,77,-25,BACK,0,0,L,13,8478009,Ilya Sorokin,8479293,Brandon Tanev,0.00661121,0,1,PIT,-73,32
74734,NYI,PIT,2020,1,30116,548,1,AWAYZONE,SHOT,0,69,-10,69,-10,BACK,0,0,C,7,8477465,Tristan Jarry,8474586,Jordan Eberle,0.0236594,1,1,NYI,64,-13
74735,NYI,PIT,2020,1,30116,632,1,HOMEZONE,MISS,0,-40,9,40,-9,WRIST,0,0,C,71,8478009,Ilya Sorokin,8471215,Evgeni Malkin,0.00415926,0,0,PIT,-35,10
74736,NYI,PIT,2020,1,30116,672,1,HOMEZONE,GOAL,1,-66,1,66,-1,SNAP,0,0,C,59,8478009,Ilya Sorokin,8477404,Jake Guentzel,0.590505,0,1,PIT,-59,1
74737,NYI,PIT,2020,1,30116,713,1,HOMEZONE,SHOT,0,-56,6,56,-6,WRIST,0,0,C,19,8478009,Ilya Sorokin,8477955,Jared McCann,0.0316615,0,1,PIT,-48,8
74738,NYI,PIT,2020,1,30116,745,1,AWAYZONE,SHOT,0,53,-22,53,-22,WRIST,0,0,C,44,8477465,Tristan Jarry,8476419,Jean-Gabriel Pageau,0.012329,1,1,NYI,47,-26
74739,NYI,PIT,2020,1,30116,745,1,AWAYZONE,GOAL,1,68,8,68,8,WRIST,0,1,C,21,8477465,Tristan Jarry,8475151,Kyle Palmieri,0.336232,1,1,NYI,63,10
74740,NYI,PIT,2020,1,30116,789,1,HOMEZONE,SHOT,0,-75,-11,75,11,BACK,0,0,R,42,8478009,Ilya Sorokin,8477953,Kasperi Kapanen,0.0203299,0,1,PIT,-70,-15
74741,NYI,PIT,2020,1,30116,882,1,AWAYZONE,SHOT,0,32,-19,32,-19,SLAP,0,0,D,24,8477465,Tristan Jarry,8476429,Scott Mayfield,0.016486,1,1,NYI,30,-20
74742,NYI,PIT,2020,1,30116,894,1,AWAYZONE,MISS,0,36,33,36,33,WRIST,0,0,D,4,8477465,Tristan Jarry,8472382,Andy Greene,0.00676698,1,0,NYI,36,33
74743,NYI,PIT,2020,1,30116,901,1,AWAYZONE,SHOT,0,47,20,47,20,WRIST,0,0,C,14,8477465,Tristan Jarry,8471233,Travis Zajac,0.0113167,1,1,NYI,42,22
74744,NYI,PIT,2020,1,30116,916,1,AWAYZONE,SHOT,0,82,20,82,20,SNAP,0,0,C,12,8477465,Tristan Jarry,8474573,Josh Bailey,0.0209528,1,1,NYI,80,25
74745,NYI,PIT,2020,1,30116,927,1,AWAYZONE,SHOT,0,35,-22,35,-22,WRIST,0,0,D,6,8477465,Tristan Jarry,8477506,Ryan Pulock,0.00966428,1,1,NYI,33,-23
74746,NYI,PIT,2020,1,30116,988,1,HOMEZONE,SHOT,0,-53,-35,53,35,WRIST,0,0,C,12,8477465,Tristan Jarry,8474573,Josh Bailey,0.00758165,1,1,NYI,-50,-38
74747,NYI,PIT,2020,1,30116,1123,1,AWAYZONE,SHOT,0,54,18,54,18,WRIST,0,0,L,18,8477465,Tristan Jarry,8478463,Anthony Beauvillier,0.0193439,1,1,NYI,49,21
74748,NYI,PIT,2020,1,30116,1133,1,AWAYZONE,MISS,0,47,-23,47,-23,WRIST,0,0,C,29,8477465,Tristan Jarry,8475754,Brock Nelson,0.010141,1,0,NYI,43,-25
74749,NYI,PIT,2020,1,30116,1185,1,HOMEZONE,MISS,0,-39,11,39,-11,WRIST,0,0,C,59,8478009,Ilya Sorokin,8477404,Jake Guentzel,0.0177751,0,0,PIT,-35,12
74750,NYI,PIT,2020,1,30116,1189,1,HOMEZONE,SHOT,0,-79,-5,79,5,WRIST,0,0,C,87,8478009,Ilya Sorokin,8471675,Sidney Crosby,0.128802,0,1,PIT,-77,-6
74751,NYI,PIT,2020,1,30116,1190,1,HOMEZONE,SHOT,0,-87,-6,87,6,WRAP,0,1,C,87,8478009,Ilya Sorokin,8471675,Sidney Crosby,0.0981947,0,1,PIT,-87,-6
74752,NYI,PIT,2020,1,30116,1198,1,HOMEZONE,MISS,0,-69,1,69,-1,TIP,0,0,C,77,8478009,Ilya Sorokin,8470604,Jeff Carter,0.0627645,0,0,PIT,-63,1
74753,NYI,PIT,2020,1,30116,1242,2,HOMEZONE,SHOT,0,50,-16,50,-16,WRIST,0,0,C,19,8478009,Ilya Sorokin,8477955,Jared McCann,0.0255086,0,1,PIT,44,-19
74754,NYI,PIT,2020,1,30116,1311,2,HOMEZONE,MISS,0,34,22,34,22,WRIST,0,0,D,5,8478009,Ilya Sorokin,8476875,Mike Matheson,0.0133952,0,0,PIT,32,23
74755,NYI,PIT,2020,1,30116,1313,2,HOMEZONE,GOAL,1,78,-2,78,-2,TIP,0,1,L,16,8478009,Ilya Sorokin,8475722,Jason Zucker,0.261197,0,1,PIT,76,-2
74756,NYI,PIT,2020,1,30116,1331,2,HOMEZONE,MISS,0,32,6,32,6,WRIST,0,0,D,8,8478009,Ilya Sorokin,8475208,Brian Dumoulin,0.0141265,0,0,PIT,29,6
74757,NYI,PIT,2020,1,30116,1354,2,HOMEZONE,MISS,0,35,10,35,10,WRIST,0,0,D,8,8478009,Ilya Sorokin,8475208,Brian Dumoulin,0.0154543,0,0,PIT,32,11
74758,NYI,PIT,2020,1,30116,1372,2,HOMEZONE,SHOT,0,51,18,51,18,WRIST,0,0,D,8,8478009,Ilya Sorokin,8475208,Brian Dumoulin,0.0144204,0,1,PIT,45,21
74759,NYI,PIT,2020,1,30116,1441,2,AWAYZONE,MISS,0,-46,26,46,-26,WRIST,0,0,C,53,8477465,Tristan Jarry,8475231,Casey Cizikas,0.0302483,1,0,NYI,-42,28
74760,NYI,PIT,2020,1,30116,1459,2,AWAYZONE,SHOT,0,-83,-19,83,19,WRIST,0,0,C,21,8477465,Tristan Jarry,8475151,Kyle Palmieri,0.0322336,1,1,NYI,-81,-25
74761,NYI,PIT,2020,1,30116,1520,2,HOMEZONE,SHOT,0,31,-17,31,-17,SLAP,0,0,D,58,8478009,Ilya Sorokin,8471724,Kris Letang,0.0298544,0,1,PIT,30,-17
74762,NYI,PIT,2020,1,30116,1560,2,HOMEZONE,SHOT,0,79,8,79,8,WRIST,0,0,R,17,8478009,Ilya Sorokin,8475810,Bryan Rust,0.0609917,0,1,PIT,77,10
74763,NYI,PIT,2020,1,30116,1605,2,AWAYZONE,SHOT,0,-77,-28,77,28,WRIST,0,0,C,21,8477465,Tristan Jarry,8475151,Kyle Palmieri,0.0134607,1,1,NYI,-74,-34
74764,NYI,PIT,2020,1,30116,1615,2,AWAYZONE,MISS,0,-69,-4,69,4,WRIST,0,0,C,44,8477465,Tristan Jarry,8476419,Jean-Gabriel Pageau,0.0669929,1,0,NYI,-64,-5
74765,NYI,PIT,2020,1,30116,1650,2,HOMEZONE,SHOT,0,61,-30,61,-30,WRIST,0,0,C,77,8478009,Ilya Sorokin,8470604,Jeff Carter,0.00824857,0,1,PIT,56,-35
74766,NYI,PIT,2020,1,30116,1702,2,AWAYZONE,SHOT,0,-85,9,85,-9,WRAP,0,0,C,29,8477465,Tristan Jarry,8475754,Brock Nelson,0.104567,1,1,NYI,-85,9
74767,NYI,PIT,2020,1,30116,1715,2,AWAYZONE,GOAL,1,-79,-10,79,10,TIP,0,0,C,29,8477465,Tristan Jarry,8475754,Brock Nelson,0.0647175,1,1,NYI,-76,-13
74768,NYI,PIT,2020,1,30116,1728,2,AWAYZONE,GOAL,1,-38,27,38,-27,SLAP,0,0,D,6,8477465,Tristan Jarry,8477506,Ryan Pulock,0.0288971,1,1,NYI,-35,29
74769,NYI,PIT,2020,1,30116,1866,2,AWAYZONE,MISS,0,-64,-11,64,11,WRIST,0,0,C,29,8477465,Tristan Jarry,8475754,Brock Nelson,0.0354065,1,0,NYI,-57,-14
74770,NYI,PIT,2020,1,30116,1894,2,AWAYZONE,GOAL,1,-61,-15,61,15,WRIST,0,0,C,29,8477465,Tristan Jarry,8475754,Brock Nelson,0.02966,1,1,NYI,-54,-19
74771,NYI,PIT,2020,1,30116,1937,2,HOMEZONE,SHOT,0,69,-30,69,-30,WRIST,0,0,C,77,8478009,Ilya Sorokin,8470604,Jeff Carter,0.0075381,0,1,PIT,65,-37
74772,NYI,PIT,2020,1,30116,1983,2,AWAYZONE,MISS,0,-70,-2,70,2,WRIST,0,0,C,29,8477465,Tristan Jarry,8475754,Brock Nelson,0.136519,1,0,NYI,-64,-3
74773,NYI,PIT,2020,1,30116,1995,2,HOMEZONE,SHOT,0,68,0,68,0,BACK,0,0,C,71,8478009,Ilya Sorokin,8471215,Evgeni Malkin,0.0561635,0,1,PIT,62,-0
74774,NYI,PIT,2020,1,30116,2022,2,HOMEZONE,SHOT,0,80,-16,80,-16,BACK,0,0,C,87,8478009,Ilya Sorokin,8471675,Sidney Crosby,0.0145319,0,1,PIT,77,-21
74775,NYI,PIT,2020,1,30116,2043,2,AWAYZONE,SHOT,0,-56,33,56,-33,WRIST,0,0,R,15,8477465,Tristan Jarry,8473504,Cal Clutterbuck,0.00613619,1,1,NYI,-52,37
74776,NYI,PIT,2020,1,30116,2060,2,AWAYZONE,SHOT,0,-83,-10,83,10,WRAP,0,0,C,53,8477465,Tristan Jarry,8475231,Casey Cizikas,0.040089,1,1,NYI,-82,-12
74777,NYI,PIT,2020,1,30116,2144,2,HOMEZONE,SHOT,0,54,-17,54,-17,WRIST,0,0,R,42,8478009,Ilya Sorokin,8477953,Kasperi Kapanen,0.0189222,0,1,PIT,49,-20
74778,NYI,PIT,2020,1,30116,2176,2,AWAYZONE,SHOT,0,-53,-23,53,23,WRIST,0,0,C,12,8477465,Tristan Jarry,8474573,Josh Bailey,0.0238921,1,1,NYI,-47,-27
74779,NYI,PIT,2020,1,30116,2192,2,HOMEZONE,SHOT,0,84,-18,84,-18,BACK,0,0,D,6,8478009,Ilya Sorokin,8478507,John Marino,0.0112311,0,1,PIT,82,-24
74780,NYI,PIT,2020,1,30116,2225,2,HOMEZONE,MISS,0,32,-13,32,-13,SLAP,0,0,D,28,8478009,Ilya Sorokin,8477969,Marcus Pettersson,0.0203183,0,0,PIT,30,-14
74781,NYI,PIT,2020,1,30116,2240,2,HOMEZONE,SHOT,0,42,24,42,24,WRIST,0,0,D,5,8478009,Ilya Sorokin,8476875,Mike Matheson,0.0081732,0,1,PIT,38,26
74782,NYI,PIT,2020,1,30116,2313,2,HOMEZONE,SHOT,0,30,29,30,29,SLAP,0,0,D,5,8478009,Ilya Sorokin,8476875,Mike Matheson,0.0204578,0,1,PIT,29,30
74783,NYI,PIT,2020,1,30116,2324,2,HOMEZONE,SHOT,0,36,27,36,27,WRIST,0,0,D,58,8478009,Ilya Sorokin,8471724,Kris Letang,0.00732343,0,1,PIT,35,28
74784,NYI,PIT,2020,1,30116,2339,2,HOMEZONE,SHOT,0,37,27,37,27,SLAP,0,0,D,58,8478009,Ilya Sorokin,8471724,Kris Letang,0.0140049,0,1,PIT,35,28
74785,NYI,PIT,2020,1,30116,2392,2,HOMEZONE,SHOT,0,33,-13,33,-13,WRIST,0,0,C,71,8478009,Ilya Sorokin,8471215,Evgeni Malkin,0.00393466,0,1,PIT,31,-14
74786,NYI,PIT,2020,1,30116,2465,3,HOMEZONE,MISS,0,-63,-1,63,1,WRIST,0,0,C,87,8478009,Ilya Sorokin,8471675,Sidney Crosby,0.0604464,0,0,PIT,-55,-1
74787,NYI,PIT,2020,1,30116,2470,3,HOMEZONE,MISS,0,-31,-2,31,2,SLAP,0,0,D,58,8478009,Ilya Sorokin,8471724,Kris Letang,0.026812,0,0,PIT,-28,-2
74788,NYI,PIT,2020,1,30116,2485,3,AWAYZONE,MISS,0,48,-16,48,-16,WRIST,0,0,C,29,8477465,Tristan Jarry,8475754,Brock Nelson,0.0138771,1,0,NYI,42,-18
74789,NYI,PIT,2020,1,30116,2495,3,HOMEZONE,MISS,0,-37,-17,37,17,SLAP,0,0,D,28,8478009,Ilya Sorokin,8477969,Marcus Pettersson,0.017921,0,0,PIT,-34,-18
74790,NYI,PIT,2020,1,30116,2511,3,HOMEZONE,MISS,0,-54,-4,54,4,SLAP,0,0,L,16,8478009,Ilya Sorokin,8475722,Jason Zucker,0.0343947,0,0,PIT,-46,-5
74791,NYI,PIT,2020,1,30116,2531,3,HOMEZONE,MISS,0,-37,-12,37,12,SLAP,0,0,D,28,8478009,Ilya Sorokin,8477969,Marcus Pettersson,0.0197958,0,0,PIT,-33,-13
74792,NYI,PIT,2020,1,30116,2563,3,HOMEZONE,SHOT,0,-63,-22,63,22,WRIST,0,0,D,4,8478009,Ilya Sorokin,8476879,Cody Ceci,0.0169121,0,1,PIT,-57,-27
74793,NYI,PIT,2020,1,30116,2583,3,HOMEZONE,SHOT,0,-75,7,75,-7,WRIST,0,0,R,17,8478009,Ilya Sorokin,8475810,Bryan Rust,0.137135,0,1,PIT,-70,9
74794,NYI,PIT,2020,1,30116,2595,3,HOMEZONE,MISS,0,-64,18,64,-18,WRIST,0,0,D,4,8478009,Ilya Sorokin,8476879,Cody Ceci,0.0234667,0,0,PIT,-57,23
74795,NYI,PIT,2020,1,30116,2618,3,AWAYZONE,SHOT,0,73,-15,73,-15,WRIST,0,0,C,13,8477465,Tristan Jarry,8478445,Mathew Barzal,0.0654173,1,1,NYI,69,-19
74796,NYI,PIT,2020,1,30116,2626,3,AWAYZONE,MISS,0,36,-17,36,-17,SLAP,0,0,D,6,8477465,Tristan Jarry,8477506,Ryan Pulock,0.0172003,1,0,NYI,33,-18
74797,NYI,PIT,2020,1,30116,2661,3,HOMEZONE,SHOT,0,-50,18,50,-18,WRIST,0,0,R,42,8478009,Ilya Sorokin,8477953,Kasperi Kapanen,0.0108231,0,1,PIT,-44,21
74798,NYI,PIT,2020,1,30116,2667,3,HOMEZONE,SHOT,0,-85,-9,85,9,WRIST,0,0,L,16,8478009,Ilya Sorokin,8475722,Jason Zucker,0.0457032,0,1,PIT,-85,-9
74799,NYI,PIT,2020,1,30116,2702,3,HOMEZONE,SHOT,0,-54,6,54,-6,WRIST,0,0,C,77,8478009,Ilya Sorokin,8470604,Jeff Carter,0.0235659,0,1,PIT,-46,7
74800,NYI,PIT,2020,1,30116,2722,3,HOMEZONE,MISS,0,-79,28,79,-28,WRIST,0,0,C,87,8478009,Ilya Sorokin,8471675,Sidney Crosby,0.0121634,0,0,PIT,-77,35
74801,NYI,PIT,2020,1,30116,2731,3,HOMEZONE,MISS,0,-35,5,35,-5,WRIST,0,0,D,28,8478009,Ilya Sorokin,8477969,Marcus Pettersson,0.0165075,0,0,PIT,-31,5
74802,NYI,PIT,2020,1,30116,2783,3,HOMEZONE,MISS,0,-52,36,52,-36,WRIST,0,0,C,71,8478009,Ilya Sorokin,8471215,Evgeni Malkin,0.0135869,0,0,PIT,-49,39
74803,NYI,PIT,2020,1,30116,2882,3,Neu. Zone,SHOT,0,-20,-35,20,35,WRIST,0,0,L,16,8478009,Ilya Sorokin,8475722,Jason Zucker,0.00769342,0,1,PIT,-19,-36
74804,NYI,PIT,2020,1,30116,3008,3,AWAYZONE,MISS,0,34,27,34,27,WRIST,0,0,D,2,8477465,Tristan Jarry,8475181,Nick Leddy,0.0077905,1,0,NYI,32,28
74805,NYI,PIT,2020,1,30116,3025,3,HOMEZONE,SHOT,0,-75,18,75,-18,WRIST,0,0,L,16,8478009,Ilya Sorokin,8475722,Jason Zucker,0.0289484,0,1,PIT,-71,24
74806,NYI,PIT,2020,1,30116,3085,3,HOMEZONE,SHOT,0,-83,-18,83,18,WRIST,0,0,C,87,8478009,Ilya Sorokin,8471675,Sidney Crosby,0.0176743,0,1,PIT,-81,-24
74807,NYI,PIT,2020,1,30116,3162,3,HOMEZONE,SHOT,0,-76,23,76,-23,BACK,0,0,C,19,8478009,Ilya Sorokin,8477955,Jared McCann,0.00920369,0,1,PIT,-72,30
74808,NYI,PIT,2020,1,30116,3170,3,HOMEZONE,SHOT,0,-35,36,35,-36,WRIST,0,0,D,4,8478009,Ilya Sorokin,8476879,Cody Ceci,0.0119986,0,1,PIT,-34,37
74809,NYI,PIT,2020,1,30116,3204,3,HOMEZONE,MISS,0,-44,16,44,-16,WRIST,0,0,D,5,8478009,Ilya Sorokin,8476875,Mike Matheson,0.014295799999999999,0,0,PIT,-39,18
74810,NYI,PIT,2020,1,30116,3237,3,AWAYZONE,SHOT,0,48,-3,48,-3,WRIST,0,0,C,44,8477465,Tristan Jarry,8476419,Jean-Gabriel Pageau,0.0181413,1,1,NYI,41,-4
74811,NYI,PIT,2020,1,30116,3264,3,HOMEZONE,MISS,0,-38,33,38,-33,SLAP,0,0,D,6,8478009,Ilya Sorokin,8478507,John Marino,0.0106674,0,0,PIT,-36,34
74812,NYI,PIT,2020,1,30116,3334,3,HOMEZONE,SHOT,0,-37,34,37,-34,WRIST,0,0,D,4,8478009,Ilya Sorokin,8476879,Cody Ceci,0.00603148,0,1,PIT,-36,34
74813,NYI,PIT,2020,1,30116,3358,3,AWAYZONE,SHOT,0,55,16,55,16,WRIST,0,0,C,29,8477465,Tristan Jarry,8475754,Brock Nelson,0.0317569,1,1,NYI,48,19
74814,NYI,PIT,2020,1,30116,3465,3,HOMEZONE,SHOT,0,-78,4,78,-4,TIP,0,0,D,58,8478009,Ilya Sorokin,8471724,Kris Letang,0.127309,0,1,PIT,-76,5
74815,NYI,PIT,2020,1,30116,3473,3,AWAYZONE,SHOT,0,60,-10,60,-10,WRIST,0,0,C,13,8477465,Tristan Jarry,8478445,Mathew Barzal,0.0351231,1,1,NYI,52,-13
74816,NYI,PIT,2020,1,30116,3485,3,AWAYZONE,MISS,0,39,10,39,10,WRIST,0,0,C,7,8477465,Tristan Jarry,8474586,Jordan Eberle,0.0287806,1,0,NYI,35,11
74817,NYI,PIT,2020,1,30116,3496,3,AWAYZONE,SHOT,0,77,-1,77,-1,WRIST,0,0,C,13,8477465,Tristan Jarry,8478445,Mathew Barzal,0.146772,1,1,NYI,75,-1
74818,NYI,PIT,2020,1,30116,3521,3,AWAYZONE,MISS,0,59,2,59,2,WRIST,0,0,C,12,8477465,Tristan Jarry,8474573,Josh Bailey,0.0528252,1,0,NYI,52,2
74819,NYI,PIT,2020,1,30116,3532,3,AWAYZONE,MISS,0,70,-10,70,-10,WRIST,1,0,C,29,0,NA,8475754,Brock Nelson,0.414219,1,0,NYI,65,-13
74820,NYI,PIT,2020,1,30116,3565,3,HOMEZONE,MISS,0,-41,-30,41,30,WRIST,0,0,D,58,8478009,Ilya Sorokin,8471724,Kris Letang,0.0373358,0,0,PIT,-38,-32
